,Apple iPhone 8,Day,Apple iPhone X,Apple iPhone XS,Apple iPhone 11,Apple iPhone 12,Apple iPhone 13
1403,138.5,-365,,,,,
1402,142.95,-364,221.535,,,,
1401,142.985,-363,217.85,,,,
1400,131.475,-362,221.195,,,,
1399,140.4925,-360,217.86,,,,
1398,140.214,-359,230.2675,,,,
1397,142.9,-358,,,,,
1396,143.56666666666666,-357,225.755,,,,
1395,144.625,-356,231.53625,,,,
1394,143.86666666666667,-355,233.44500000000002,,,,
1393,143.79999999999998,-354,232.844,,,,
1392,144.5625,-353,232.744,,,,
1391,144.67857142857142,-352,232.3225,,,,
1390,145.78,-351,228.94400000000002,,,,
1389,148.97,-350,230.8083333333333,,,,
1388,141.875,-349,235.99,,,,
1387,141.35,-347,233.30499999999998,,,,
1386,142.1,-346,231.6575,,,,
1385,141.6,-345,232.95,,,,
1384,141.47375,-343,233.475,,,,
1383,141.95,-342,232.378,,,,
1382,141.33333333333334,-340,233.45499999999998,,,,
1381,142.84714285714287,-339,231.57,,,,
1380,140.495,-338,232.29999999999998,,,,
1379,140.23000000000002,-337,228.99,,,,
1378,141.99833333333333,-336,229.92666666666665,,,,
1377,134.05285714285714,-335,228.95999999999998,,,,
1376,135.347,-334,229.9,,,,
1375,137.33166666666668,-333,229.7175,,,,
1374,138.475,-332,231.42000000000002,,,,
1373,144.68166666666664,-331,,,,,
1372,145.34142857142857,-330,,,,,
1371,147.83625,-329,231.42000000000002,,,,
1370,148.8975,-328,232.95,,,,
1369,147.2475,-327,231.25,,,,
1368,147.346,-326,232.9125,,,,
1367,147.31,-325,232.79500000000002,,,,
1366,146.77615384615385,-324,,,,,
1365,146.66222222222223,-323,232.90666666666667,,,,
1364,139.7657142857143,-322,232.95,,,,
1363,140.212,-321,,,,,
1362,141.93,-320,232.94,,,,
1361,139.365,-313,243.885,,,,
1360,138.49,-312,245.7,,,,
1359,143.0,-311,246.495,,,,
1358,136.99,-310,248.56285714285715,,,,
1357,134.555,-309,249.985,,,,
1356,140.97,-308,251.76,,,,
1355,130.485,-307,252.495,,,,
1354,127.10333333333334,-305,239.995,,,,
1353,123.18857142857142,-304,,,,,
1352,134.64000000000001,-303,241.495,,,,
1351,144.0,-302,241.495,,,,
1350,143.1425,-301,242.975,,,,
1349,145.83666666666667,-300,238.95666666666668,,,,
1348,146.05,-299,237.57,,,,
1347,126.89,-298,237.51272727272726,,,,
1346,140.29666666666665,-297,236.99,,,,
1345,150.358,-296,,,,,
1344,133.76,-295,240.2833333333333,,,,
1343,151.9188888888889,-294,240.62666666666667,,,,
1342,150.8775,-293,245.07999999999998,,,,
1341,148.63,-292,236.97,,346.74,,
1340,148.48285714285717,-291,233.2833333333333,,,,
1339,150.65333333333334,-290,231.95,,341.925,,
1338,149.296,-289,,,,,
1337,149.245,-288,,,,,
1336,145.0,-287,233.4125,,346.455,,
1335,147.0,-286,236.69,,337.9533333333333,,
1334,142.0,-285,234.29999999999998,,,,
1333,147.55714285714288,-284,234.725,,,,
1332,145.65833333333333,-283,225.0,,,,
1331,148.0,-282,,,343.86,,
1330,136.99,-276,222.52,,,,
1329,139.99,-274,220.85500000000002,,356.86,,
1328,134.99,-270,,,,,
1327,137.985,-269,,,,,
1326,146.2475,-263,218.57000000000002,,,,
1325,144.2425,-260,216.065,,370.905,,
1324,149.698,-259,,,358.4066666666667,,
1323,150.47,-258,,,355.93,,
1322,148.2375,-257,,,,,
1321,149.35,-256,,,356.86,,
1320,149.47,-255,,,376.15333333333336,,
1319,149.1357142857143,-254,,,373.602,,
1318,147.33333333333334,-253,,,391.7483333333333,,
1317,146.91,-251,224.55,,374.26,,
1316,146.775,-250,,,379.7125,,
1315,145.98399999999998,-249,219.92200000000003,,,,
1314,145.9975,-248,,,386.89750000000004,,
1313,148.32750000000001,-247,,,390.2366666666667,,
1312,149.45250000000001,-246,,,,,
1311,149.80166666666665,-245,225.425,,387.725,,
1310,150.918,-244,,,,,
1309,149.72,-243,,,,,
1308,148.54,-242,,,360.92,,
1307,149.33,-241,225.3075,,,,
1306,147.8216666666667,-240,,,369.865,,
1305,148.69333333333336,-238,214.99,,,,
1304,146.0,-237,,,,,
1303,148.995,-235,,,,,
1302,149.848,-234,217.86,,,,
1301,150.0,-233,,,,,
1300,152.31666666666666,-232,226.425,,365.1933333333333,,
1299,152.73142857142855,-231,,,396.17,,
1298,150.635,-230,226.28500000000003,,,,
1297,149.498,-228,233.13,,368.86,,
1296,153.805,-227,,,381.815,,
1295,151.0875,-226,,,388.36,,
1294,155.165,-225,,,379.83500000000004,,
1293,152.61555555555555,-224,,,376.76,,
1292,148.17000000000002,-223,,,376.86,,
1291,148.28,-222,229.99,,403.5733333333333,,
1290,152.475,-221,,,379.485,,
1289,150.0,-220,,,377.86,,
1288,148.63666666666666,-219,,,,,
1287,148.835,-218,231.425,,380.025,,
1286,149.22666666666666,-217,,,377.86,,
1285,149.17000000000002,-216,233.4275,,383.375,,
1284,148.18800000000002,-215,237.905,238.99,376.86,,
1283,150.59625,-214,235.93,228.744,,,
1282,148.465,-213,235.86,227.97333333333336,378.93,,
1281,147.19,-212,,228.09833333333333,375.55,,
1280,148.32666666666668,-211,235.67499999999998,227.20749999999998,378.93,,
1279,150.995,-210,,224.00333333333333,,,
1278,149.99666666666667,-209,241.95333333333335,226.973,377.86,,
1277,148.2425,-208,243.86,227.04500000000002,376.8825,,
1276,147.7025,-207,244.06000000000003,227.29333333333332,,,
1275,148.45142857142858,-206,243.395,228.06166666666664,376.0,,
1274,149.30166666666665,-205,242.86,229.53375,377.43,,
1273,149.572,-204,,229.21571428571428,,,
1272,149.495,-203,244.95000000000002,229.92,,,
1271,153.0,-202,246.10714285714286,236.465,380.24,,
1270,147.33333333333334,-200,244.90666666666667,234.46499999999997,405.805,,
1269,148.4925,-199,245.76333333333332,234.62333333333333,,,
1268,149.0,-198,,234.95,,,
1267,150.09,-197,241.0,236.3033333333333,,,
1266,149.292,-196,244.0,235.92000000000002,387.855,,
1265,149.0,-195,240.5,241.96,395.625,,
1264,148.0,-193,247.0442857142857,,377.86,,
1263,148.245,-192,244.762,238.708,387.99333333333334,471.49,
1262,149.83857142857144,-191,245.61666666666665,240.16666666666666,388.9633333333333,459.98,
1261,147.56833333333336,-190,244.95,231.98714285714286,388.37800000000004,465.0,
1260,146.79,-189,244.3166666666667,238.738,386.4575,471.1766666666667,
1259,146.7611111111111,-188,248.725,242.33,387.46500000000003,447.5388888888889,
1258,146.71,-187,246.055,244.31333333333336,393.3333333333333,453.5825,
1257,146.75545454545454,-186,246.516,246.20999999999998,401.66,461.035,
1256,150.2,-185,245.98333333333335,234.5,396.2425,468.515,
1255,151.7475,-184,246.42166666666665,238.65142857142857,401.495,466.42,
1254,151.0,-181,246.64333333333332,241.57399999999998,406.99333333333334,460.345,
1253,149.99,-180,245.69857142857146,248.45,407.995,451.89000000000004,
1252,150.5,-179,248.9888888888889,244.99,,457.31,
1251,151.99166666666667,-178,250.782,244.98,,470.24,
1250,146.97750000000002,-177,252.66666666666666,244.93,408.47,,
1249,153.0,-176,,244.51799999999997,407.6466666666667,455.195,
1248,148.995,-173,248.14285714285714,246.452,397.995,482.05600000000004,
1247,144.99,-172,246.72444444444443,235.98625,408.2966666666666,,
1246,152.47,-169,247.0,225.58,391.534,484.11,
1245,150.97333333333333,-168,247.30384615384614,232.969,392.93666666666667,454.98,
1244,153.975,-167,247.2375,238.64714285714285,372.86,485.3325,
1243,153.975,-166,247.66666666666666,248.99666666666667,398.0,480.6233333333333,
1242,148.95,-165,,247.995,,497.46500000000003,
1241,148.95999999999998,-164,,246.99,,499.675,
1240,149.62,-163,,246.4975,383.90999999999997,504.89,
1239,148.73250000000002,-162,,247.0,,483.35999999999996,
1238,149.26999999999998,-161,251.908,244.29500000000002,372.86,474.21,
1237,155.45,-160,253.93400000000003,228.32800000000003,,505.01,
1236,157.0,-159,265.432,227.48200000000003,377.86,469.31333333333333,
1235,156.495,-158,274.7114285714286,231.45111111111112,387.06,473.5175,
1234,153.0,-157,278.84142857142854,234.36125,,493.9,
1233,156.20499999999998,-156,278.5388888888889,233.80999999999997,402.81,487.9,
1232,154.96833333333333,-155,276.98,233.125,,488.8966666666667,
1231,152.29999999999998,-154,277.3333333333333,233.79777777777775,377.86,517.3666666666667,
1230,153.46,-153,275.6666666666667,230.3577777777778,391.09999999999997,510.68999999999994,
1229,148.4,-152,276.99,235.34625,399.61400000000003,527.3566666666667,
1228,150.096,-151,281.11,237.5,404.37000000000006,463.98,
1227,155.99,-150,284.5,241.66333333333333,,532.73,
1226,152.65666666666667,-149,284.75,,,528.99,
1225,154.905,-148,,240.125,401.3533333333333,517.95,
1224,152.99,-147,285.31333333333333,241.696,,519.49,
1223,158.24,-146,285.495,,395.43,527.095,
1222,157.46,-144,289.66,,,524.99,
1221,156.62666666666667,-143,291.995,,,459.98,
1220,155.574,-142,,236.3625,382.86,,
1219,152.9925,-141,295.0,239.22,398.96,462.89,
1218,155.33,-140,294.994,239.23000000000002,414.6566666666667,524.985,
1217,158.0,-138,296.33,241.65666666666667,407.2333333333333,513.63,
1216,152.77,-137,292.9733333333333,245.1,415.495,519.98,
1215,156.26999999999998,-136,300.1875,245.392,415.285,535.99,
1214,153.38,-135,301.31666666666666,241.965,413.196,537.3066666666667,
1213,154.96,-134,296.61999999999995,241.97200000000004,,529.5,
1212,157.225,-133,299.93,242.98000000000002,418.9975,512.66,
1211,160.5,-132,300.84499999999997,245.0,414.9975,528.9275,
1210,160.715,-131,301.63,244.798,,521.47,
1209,158.7175,-130,301.95,246.495,419.995,521.47,
1208,160.33,-129,301.9325,246.6425,421.66,,
1207,153.4675,-127,301.845,239.54153846153847,413.0,542.95,
1206,154.94,-126,302.245,241.52200000000002,418.31666666666666,539.99,
1205,159.0,-124,302.91999999999996,248.65333333333334,420.0,519.49,
1204,159.66333333333333,-123,302.94,,398.96,,
1203,160.99,-122,302.87,,,538.99,
1202,163.1381818181818,-121,303.435,,,526.39,
1201,165.6257142857143,-120,,248.17199999999997,,544.85,
1200,165.98666666666668,-119,304.0,250.17,,539.915,
1199,168.46777777777777,-118,303.995,251.32333333333335,415.995,540.64,
1198,169.14444444444445,-117,306.32666666666665,256.02799999999996,415.72249999999997,528.6871428571429,
1197,166.99333333333334,-116,309.02750000000003,256.2742857142857,419.95,532.2075,
1196,167.495,-115,311.01625,256.42600000000004,398.93,529.63,
1195,167.72,-114,311.6955555555556,249.95999999999998,414.975,,
1194,170.975,-113,311.74666666666667,,376.99,,
1193,171.99666666666667,-112,311.7083333333333,250.56,,541.148,
1192,171.7375,-111,311.4533333333333,250.87,397.74,556.47,
1191,168.995,-110,311.90000000000003,241.61666666666667,403.54200000000003,548.4933333333333,
1190,163.5,-109,314.415,258.32666666666665,,556.0,
1189,164.5,-108,313.32666666666665,259.0,377.86,553.19,
1188,164.998,-107,,255.30333333333337,396.77666666666664,545.89,
1187,166.66333333333333,-105,314.4525,253.4766666666667,376.425,555.3,
1186,167.5,-104,316.0,254.59,,547.635,
1185,167.0,-103,,255.96666666666667,,564.1,
1184,166.786,-102,,257.99,410.3,557.4200000000001,
1183,166.66333333333333,-101,,261.62,,561.6,
1182,168.50285714285715,-100,316.475,261.1033333333333,390.315,548.6233333333333,
1181,168.5,-98,316.475,260.09749999999997,,546.245,
1180,168.59666666666666,-97,316.975,262.0314285714286,,553.738,
1179,169.62666666666667,-96,315.0,252.255,388.92,561.4200000000001,
1178,172.14600000000002,-95,,262.94,,569.2633333333333,
1177,173.9766666666667,-94,,251.73,,,
1176,172.985,-93,,244.734,,,
1175,173.66666666666666,-92,317.95,241.908,,572.475,
1174,173.5,-91,320.03428571428566,230.49,,576.376,
1173,173.49,-90,323.0,238.485,,576.62,
1172,176.97,-89,323.95,251.59666666666666,,575.2966666666667,
1171,172.7942857142857,-88,324.23333333333335,265.95,383.63,,
1170,169.995,-87,323.93,263.975,377.86,,
1169,170.0,-86,,264.95,384.0333333333333,575.97,
1168,172.5,-85,323.475,262.31333333333333,419.13,575.97,
1167,171.98000000000002,-84,323.95,262.94,386.43,576.95,
1166,173.0,-83,322.18600000000004,265.225,377.86,579.505,
1165,171.674,-81,323.31666666666666,256.955,400.90999999999997,579.814,
1164,173.225,-80,324.27,261.33,,579.868,
1163,173.998,-79,323.82666666666665,246.93,402.675,579.9085714285715,
1162,174.996,-78,324.0,258.71,386.24666666666667,580.3383333333334,639.95
1161,176.0,-77,323.0822222222222,264.49333333333334,386.86,580.375,634.8083333333334
1160,178.01,-76,324.825,264.80875000000003,387.86,581.3828571428571,643.32
1159,176.32333333333335,-75,326.18,262.61,409.19,579.05,629.6166666666667
1158,178.98,-74,327.0,264.7033333333333,387.86,587.342,605.3928571428571
1157,181.536,-73,325.475,260.445,,590.63,630.836
1156,183.24833333333333,-72,327.95,251.09666666666666,,584.8166666666667,636.5566666666667
1155,183.47,-71,,,395.43,584.068,617.7875
1154,181.865,-70,326.9633333333333,252.11800000000002,395.38,584.138,637.53
1153,181.61833333333334,-68,326.36,264.85,,582.6650000000001,629.6985714285714
1152,179.46,-67,329.19,275.338,,585.1475,643.2483333333333
1151,182.35,-66,331.5775,,,587.475,639.836
1150,182.982,-65,333.0,257.20666666666665,,594.98,630.2933333333334
1149,184.735,-64,331.75,267.90333333333336,,586.5360000000001,643.9275
1148,180.994,-63,330.45,265.65833333333336,398.36,584.9133333333333,624.65
1147,179.995,-62,331.0225,267.8228571428571,399.8875,589.98,600.895
1146,185.93,-61,327.4525,273.994,397.88,591.6575,602.8480000000001
1145,184.0,-60,327.50428571428574,267.2425,397.31666666666666,591.2099999999999,602.85
1144,179.995,-59,331.905,,398.97,603.274,618.39
1143,179.995,-58,327.38,269.495,394.98,599.465,626.3125
1142,188.3625,-57,,268.334,398.16499999999996,585.7940000000001,608.97
1141,181.995,-56,332.95,263.722,399.99,584.6,
1140,190.98333333333335,-55,327.384,259.99,,582.49,608.98
1139,184.35,-54,331.7125,263.78833333333336,402.0,588.725,638.62
1138,185.5375,-53,331.975,262.7025,401.99,595.2966666666666,672.385
1137,188.39666666666668,-52,331.75,261.97,400.99,662.7385714285714,652.482
1136,181.66,-51,330.98333333333335,252.65333333333334,402.945,607.9733333333334,666.7650000000001
1135,189.6833333333333,-50,,250.78333333333333,402.945,601.48,666.105
1134,187.55,-49,327.0,263.75166666666667,404.9625,615.9933333333333,677.46
1133,194.41333333333333,-48,,260.494,406.4525,588.64,673.5100000000001
1132,193.04333333333332,-47,332.43666666666667,264.8666666666666,415.83000000000004,596.014,673.195
1131,182.495,-45,330.47,258.0,,605.0,665.0450000000001
1130,185.0,-43,329.18833333333333,256.374,407.7833333333333,582.69,686.5
1129,184.31,-42,328.625,249.46999999999997,413.76599999999996,582.99,
1128,191.2225,-39,333.28,249.995,414.98,589.2,683.182
1127,189.78333333333333,-38,333.96000000000004,244.48250000000002,,593.7,681.495
1126,187.7425,-37,338.18,245.20333333333335,414.2125,607.48,662.7425000000001
1125,193.82666666666668,-36,333.549,239.54999999999998,421.39799999999997,,678.24
1124,197.975,-35,337.058,235.0,419.125,583.99,681.48
1123,199.48000000000002,-34,340.92,233.01,430.0,583.5566666666667,662.6433333333333
1122,197.975,-33,338.95666666666665,,,582.918,679.1566666666666
1121,195.96666666666667,-32,,242.38333333333333,427.2833333333333,584.98,678.7700000000001
1120,201.648125,-31,334.96666666666664,,419.8675,584.97,687.775
1119,203.535,-30,,236.56,418.6433333333334,584.99,689.95
1118,191.53,-29,,,419.89300000000003,,682.49
1117,220.0257142857143,-28,340.60999999999996,,426.65333333333336,593.99,684.99
1116,202.3033333333333,-25,,228.93,,594.8050000000001,717.65
1115,205.475,-24,,,440.975,,726.3
1114,215.406,-23,,,438.0,594.95,729.774
1113,198.921,-22,332.03,229.0,436.985,597.47,750.98
1112,204.02,-21,339.99,244.96666666666667,434.2475,602.69,768.99
1111,209.47,-20,335.2,252.475,440.55,609.2166666666667,727.8050000000001
1110,222.73250000000002,-19,,226.43,432.06666666666666,602.574,728.9766666666668
1109,219.99,-18,334.6333333333333,,434.5133333333333,598.2475,699.0
1108,226.86599999999999,-17,,,434.0,607.2366666666667,706.2625
1107,228.431875,-16,,237.906,430.98333333333335,,705.91
1106,224.50857142857143,-15,,233.41666666666666,429.784,629.99,700.9825000000001
1105,219.48444444444442,-14,336.38,232.0225,422.3,598.45,697.47
1104,213.795,-13,,234.28333333333333,430.634,614.22,694.7475
1103,205.48333333333335,-12,335.168,242.55333333333337,422.95,602.98,697.01
1102,192.465,-11,337.6466666666667,248.17,416.05333333333334,628.99,695.9900000000001
1101,199.7425,-10,,238.86,414.96999999999997,633.5655555555555,694.485
1100,198.4227272727273,-9,332.0,238.86,,618.1133333333333,691.756
1099,207.98,-8,,,426.4222222222222,605.435,689.0
1098,205.82411764705884,-7,332.12333333333333,,432.6483333333333,631.45,686.3299999999999
1097,202.98,-6,332.6166666666666,,435.33,719.5733333333334,679.0475
1096,193.51727272727274,-5,333.0,246.60500000000002,,672.1475,679.75
1095,189.20142857142858,-4,333.7375,,,604.2,
1094,185.06,-3,332.6466666666667,,,,683.3100000000001
1093,191.3785,-2,332.5,243.86,,,688.6366666666667
1092,198.06411764705882,-1,334.0,246.76250000000002,427.4985714285714,632.5033333333333,689.985
1091,196.52,0,332.6666666666667,247.76,429.95,598.44,693.25
1090,197.36083333333332,1,,249.055,441.31666666666666,,
1089,197.235,2,333.63,250.405,451.782,,688.215
1088,193.79714285714286,3,,249.27,458.072,604.985,687.15
1087,192.5964705882353,4,332.0,,458.0,598.45,683.32
1086,192.511,5,,251.43,455.81666666666666,,691.975
1085,189.818,6,,250.885,457.875,604.99,688.65
1084,189.905,7,330.9,249.9466666666667,454.06,,689.3100000000001
1083,188.98666666666668,8,330.975,251.93,458.3033333333333,636.76,691.6566666666668
1082,189.0,10,333.65000000000003,247.74,459.6333333333334,628.4875,700.98
1081,189.6985714285714,11,334.99,,462.3,649.33,703.475
1080,188.33,12,335.95,249.89,467.95,664.98,704.4842857142858
1079,189.47,13,332.97,249.95,467.97,609.95,706.97
1078,190.99666666666667,14,334.98,251.895,,619.95,
1077,192.995,15,331.42,252.86,475.774,605.9175,709.9900000000001
1076,193.0,16,336.0,257.04,478.9925,,714.9499999999999
1075,193.98333333333335,17,336.3233333333333,251.385,481.995,624.0799999999999,719.98
1074,191.0666666666667,18,338.95,250.93400000000003,481.4,,723.7425000000001
1073,191.41666666666666,19,335.495,250.85500000000002,481.49285714285713,,722.98
1072,189.0625,20,336.0,,480.33,594.36,
1071,191.49,21,337.31857142857143,256.98833333333334,478.8542857142857,596.4833333333333,729.9499999999999
1070,193.82083333333333,22,336.96500000000003,257.84000000000003,477.8,597.1333333333333,731.7059999999999
1069,190.03181818181818,23,332.975,,483.84285714285716,599.225,732.47
1068,191.59857142857143,24,331.3,,483.99,613.5,734.95
1067,188.99,25,343.90500000000003,,484.0,615.3266666666667,
1066,192.64,27,329.99,257.945,,579.43,732.97
1065,194.14666666666668,32,362.84000000000003,262.43,,599.99,741.9925000000001
1064,193.38222222222223,33,347.0,262.84000000000003,,594.99,744.0
1063,197.93,34,349.864,264.62,,592.485,743.9966666666666
1062,195.23000000000002,35,350.7175,264.39,,590.945,738.245
1061,196.10666666666665,36,344.58166666666665,267.8,,,735.98
1060,197.204,37,344.57625,267.562,,579.49,737.495
1059,195.498,38,329.4533333333333,264.16999999999996,488.22,590.95,749.97
1058,197.46300000000002,39,329.99,,487.94,,734.99
1057,193.74421052631578,40,325.65000000000003,267.6575,488.994,580.95,
1056,194.9466666666667,41,321.6666666666667,268.005,489.596,579.49,739.99
1055,195.37285714285716,42,321.96666666666664,266.77750000000003,489.98,579.65,759.99
1054,195.512,43,321.99,271.91499999999996,494.5,,753.3299999999999
1053,193.69375,44,,275.664,495.3333333333333,580.0,755.25
1052,196.245,45,323.975,274.95,498.995,578.1479999999999,761.49
1051,192.1533333333333,46,,276.95,499.9975,,762.0
1050,190.92166666666665,47,,274.99,505.99,,760.9966666666666
1049,183.8527272727273,48,,273.9485714285714,507.1940000000001,579.96,
1048,187.996,49,,274.3,502.39,,764.0
1047,188.0,51,323.3833333333333,274.4755555555555,506.495,626.6028571428571,770.0
1046,191.91833333333332,52,321.44666666666666,273.1775,526.9060000000001,638.338,758.7375
1045,193.8,53,323.33,273.8425,521.4875,637.4000000000001,774.495
1044,192.66333333333333,54,329.0,273.52,505.985,,780.8385714285714
1043,192.06000000000003,55,327.99,272.665,511.6466666666667,,786.3299999999999
1042,189.63600000000002,56,331.119,276.46000000000004,508.992,637.8566666666667,
1041,187.98000000000002,57,332.9633333333333,277.2725,507.78600000000006,629.808,
1040,190.95000000000002,58,329.95,277.71000000000004,516.98,628.85,789.0
1039,192.62625,59,332.225,,493.56800000000004,619.0755555555556,792.49
1038,187.78500000000003,60,329.94,274.99,515.7271428571429,620.5657142857143,786.2728571428571
1037,195.995,61,333.225,278.41999999999996,511.9440000000001,620.516,779.49
1036,192.72333333333333,63,343.98333333333335,282.79,503.6042857142857,629.5857142857143,784.485
1035,198.95,65,339.91499999999996,280.6566666666667,518.2425000000001,642.78875,794.97
1034,196.384,66,347.9875,284.41499999999996,518.9933333333333,644.2966666666666,792.95
1033,200.18800000000002,67,352.495,284.26625,518.996,,792.485
1032,196.65166666666664,68,366.0,284.0169230769231,504.99666666666667,649.98,
1031,201.16199999999998,69,358.5,286.2683333333334,517.3233333333334,638.3233333333334,
1030,193.97,70,357.1257142857143,290.5286666666667,518.74,620.66,
1029,208.0,71,359.594,277.68875,497.0,,794.965
1028,210.0,72,350.295,277.47200000000004,508.584,639.99,782.572
1027,210.382,73,372.98,286.11800000000005,506.96,,783.1700000000001
1026,219.15333333333334,74,349.66333333333336,259.40999999999997,513.95,624.99,784.9833333333332
1025,215.99,75,344.66333333333336,279.9481818181818,507.6466666666667,,794.97
1024,218.485,76,343.2966666666666,285.925,519.225,626.6566666666666,
1023,214.99,77,339.99833333333333,290.76142857142855,515.3266666666667,624.99,783.3100000000001
1022,213.086,78,359.0,291.75,521.3166666666667,633.995,780.65
1021,219.86,80,387.588,291.6766666666667,513.2785714285714,619.99,781.735
1020,210.99,81,394.735,296.6641666666667,505.31333333333333,,788.6433333333334
1019,215.235,82,425.98333333333335,293.18600000000004,505.99,,791.985
1018,216.245,83,359.0,291.148,515.8914285714286,618.975,783.65
1017,217.882,84,357.75,292.2,516.328,618.9100000000001,779.99
1016,218.0,85,356.586,293.4985714285714,515.9057142857143,,793.97
1015,204.495,86,338.42,297.80333333333334,519.94,619.495,784.1383333333333
1014,198.945,87,335.0,,511.19500000000005,619.99,759.49
1013,199.99,88,349.95,,511.28000000000003,620.0,772.9780000000001
1012,219.77,89,332.97,297.99,508.44,,760.9925000000001
1011,207.96333333333334,90,325.96666666666664,299.97,507.955,622.8225,
1010,199.99,91,324.6483333333333,299.99,507.95,623.3775,756.6566666666668
1009,203.48000000000002,92,324.66333333333336,308.0,504.0,626.6433333333333,758.8249999999999
1008,198.19714285714286,94,321.97,314.14076923076925,504.3,632.495,762.49
1007,194.99,95,321.41333333333336,313.29333333333335,503.31333333333333,635.0,774.495
1006,199.495,96,320.2975,,502.5628571428571,640.0,792.9866666666667
1005,199.9766666666667,97,329.12,300.93,498.0,,786.985
1004,182.695,98,331.125,309.36,496.99,635.0,
1003,191.98,101,328.29333333333335,315.85,498.495,651.6266666666667,783.0
1002,195.18666666666664,102,329.975,316.7475,,654.9966666666667,788.97
1001,197.388,103,331.0,315.845,499.97,659.99,780.9733333333334
1000,189.99,104,326.98333333333335,316.21571428571434,508.4142857142857,656.6666666666666,781.0
999,187.0,108,330.2316666666666,,,643.3333333333334,779.485
998,192.4775,109,323.81333333333333,,,,782.8249999999999
997,190.99857142857144,110,,318.99,527.99,651.0,779.98
996,194.1483333333333,111,324.72,325.1666666666667,542.2542857142857,653.0,789.97
995,187.0,112,321.478,329.0,538.6366666666667,654.0,
994,186.32333333333335,114,316.63,336.985,,657.5,779.47
993,184.5,116,,334.99,,666.8333333333334,774.485
992,186.745,117,,331.47249999999997,534.495,,768.98
991,186.995,119,310.97,332.975,554.735,679.9983333333333,
990,186.995,121,311.6075,340.18600000000004,559.24,699.0,773.376
989,186.845,123,314.99,339.15000000000003,,714.0,772.3133333333334
988,186.94,124,317.22,341.30333333333334,,,773.7275
987,187.0,127,320.27,,558.495,,742.49
986,187.16,128,324.475,,577.65,718.0,771.48
985,190.985,129,325.58,,568.9766666666666,,
984,189.398,130,324.78999999999996,,649.0,719.99,774.47
983,189.5,131,326.63,334.235,607.0,724.99,767.152
982,190.8122222222222,132,331.475,331.99,565.0,724.495,768.0
981,190.38600000000002,133,337.598,334.49,573.99,724.0,774.97
980,189.37,134,343.42125,,564.085,724.66,771.5366666666667
979,188.995,135,338.01714285714286,334.99,,707.47,764.6666666666666
978,188.38400000000001,136,329.99,338.6333333333333,565.0,727.9966666666666,768.4775
977,184.24,137,,,,,762.7819999999999
976,186.932,138,324.95,339.475,580.66,,753.6566666666668
975,186.07500000000002,139,327.735,339.985,564.0,,752.99
974,189.0,140,338.92833333333334,340.49,563.6633333333333,732.495,753.99
973,185.92000000000002,142,332.6333333333333,339.69,571.96,,763.97
972,184.425,143,337.40333333333336,342.831,,,767.0
971,186.70666666666668,144,331.475,346.245,573.93,,768.0
970,187.61666666666667,145,,339.0175,,,748.7475
969,188.975,147,323.4866666666667,345.4975,585.1500000000001,744.99,749.0
968,187.0,148,,344.2307692307692,589.99,,751.99
967,186.95,150,322.94,342.995,576.975,759.99,749.0
966,186.95749999999998,151,331.45,345.0,573.45,764.99,749.6666666666666
965,189.475,152,,,573.2833333333334,769.99,752.3766666666667
964,189.1675,153,,346.0,,779.9866666666667,761.9766666666668
963,190.0,154,,,574.45,779.98,764.47
962,188.04000000000002,155,312.0,348.5,575.95,,753.495
961,190.272,156,327.95,345.0,575.95,,768.985
960,190.07666666666668,157,328.0,345.6133333333333,583.9633333333334,,739.99
959,191.485,158,326.6928571428571,345.6133333333333,580.8,,757.48
958,187.5,159,,340.06,578.875,,777.97
957,190.705,160,,344.5,591.1583333333333,,773.6366666666667
956,191.988,161,324.975,,581.995,779.99,
955,192.5,162,332.7125,339.5,583.788,789.3233333333334,
954,191.92142857142858,163,336.565,338.995,576.45,749.99,778.97
953,191.44,164,333.76,340.0,577.2833333333334,817.99,770.97
952,192.54666666666665,165,337.95,,,795.0,778.97
951,190.568,166,340.46000000000004,,577.95,,774.97
950,191.5375,167,340.95,349.6433333333334,,817.99,
949,196.76,168,341.5285714285714,352.03999999999996,578.8199999999999,784.495,
948,189.5325,169,344.15,,585.1,,770.97
947,189.0,170,355.37600000000003,353.816,582.49,819.0,
946,191.022,171,354.045,353.735,582.91,,
945,189.22333333333333,172,356.3545454545455,352.655,578.722,,772.97
944,192.934,173,374.98,352.4542857142857,559.3233333333334,,
943,201.2122222222222,174,304.99,352.67,,,
942,204.735,175,299.625,354.28000000000003,581.33,844.99,
941,195.6933333333333,176,294.75,353.265,572.3266666666667,798.3266666666667,774.985
940,195.475,177,294.3353333333333,352.85999999999996,579.825,797.495,
939,194.97833333333332,178,298.05625,,,766.6300000000001,779.97
938,192.18625,179,301.8625,,569.495,,
937,192.65692307692308,180,297.0,,571.3333333333334,799.95,
936,195.61833333333334,181,298.59000000000003,345.33,571.99,,784.97
935,192.495,182,305.7,329.99,558.95,749.0,
934,193.98000000000002,183,304.0,332.2057142857143,558.99,,
933,192.83333333333334,185,302.275,334.95166666666665,578.0,,794.97
932,190.5,186,302.1477777777778,323.0,579.0,,804.97
931,194.65571428571428,187,298.4225,328.0883333333333,554.0,749.995,809.97
930,194.4575,188,298.495,330.41833333333335,593.785,759.99,
929,193.96,189,296.44363636363636,331.8575,568.18,749.0,
928,195.17499999999998,190,291.81545454545454,334.35375,585.4499999999999,,800.0
927,194.55,191,291.165,342.2707692307692,582.5166666666667,,729.99
926,193.46999999999997,192,289.75,350.9144444444444,,,
925,197.46625,193,294.72727272727275,354.192,561.5,,800.0
924,193.4625,194,294.5,353.9466666666667,565.6633333333333,,
923,240.04,195,298.0,352.802,562.6583333333333,,
922,199.0,196,295.0,354.224,556.99,,
921,199.768,197,299.43454545454546,353.7877777777778,585.9383333333334,768.9699999999999,
920,197.584,198,294.5,354.95500000000004,588.725,,
919,190.975,199,294.1666666666667,359.99,,,
918,192.418,200,295.5,,,,
917,194.879,201,293.745,362.62000000000006,558.99,,
916,192.53666666666666,202,,362.965,565.755,,
915,196.0,203,299.8666666666667,354.8883333333333,582.26,,
914,199.0,204,301.545,345.59999999999997,559.99,,960.0
913,188.91166666666666,205,299.719,357.19,551.05,748.66,
912,193.10555555555555,206,300.8442857142857,355.16,548.0,746.4366666666666,
911,191.54874999999998,207,305.75,353.615,549.0,739.99,
910,185.33333333333334,208,305.93,359.1766666666667,547.99,744.825,
909,184.905,209,302.2866666666667,362.375,549.0550000000001,,960.0
908,183.388,210,299.9533333333333,363.96750000000003,549.0550000000001,744.825,
907,182.245,211,300.86571428571426,359.9757142857143,551.11,,
906,179.975,212,301.198,363.1033333333333,550.61,749.2566666666667,
905,174.8857142857143,213,305.275,,552.0,749.77,
904,175.0,215,308.7575,349.86,553.0166666666668,744.99,729.99
903,177.43166666666664,216,313.7966666666667,348.055,558.788,749.88,
902,182.47166666666666,217,314.375,,561.9,755.77,
901,182.625,218,313.7514285714286,354.86,560.6666666666666,765.485,
900,180.46,219,312.30285714285714,373.74375,,789.22,
899,179.80181818181816,220,322.0,371.81399999999996,,789.95,
898,182.5,221,319.53000000000003,370.31,,782.47,
897,180.33,222,320.75,359.72200000000004,,789.97,
896,179.198,223,316.775,361.29,563.2,774.99,
895,171.0,225,320.64,368.0,557.3166666666667,789.6466666666666,
894,175.5885714285714,227,321.97,369.81,564.0,,
893,181.42875,228,,365.72,589.99,799.99,
892,184.62833333333333,229,,363.588,589.0,,
891,188.90571428571428,230,320.0,356.1325,584.2,,
890,187.3685714285714,231,329.5388888888889,373.96333333333337,,749.9900000000001,
889,178.6925,232,327.475,375.9422222222222,589.99,749.99,
888,177.33249999999998,233,,374.7425,593.6433333333333,,
887,177.31,234,,374.92999999999995,595.995,754.99,
886,176.475,235,333.5,383.4414285714286,,,
885,176.158,236,336.0,382.0233333333333,593.9966666666667,779.99,
884,175.80166666666665,237,339.0,364.57399999999996,595.65,784.99,
883,176.0,238,341.0725,365.78999999999996,599.95,831.994,
882,176.95,241,345.0,,598.2333333333333,,729.99
881,173.65666666666667,242,351.0,348.905,594.9766666666667,859.99,
880,173.82666666666668,243,352.67600000000004,,594.99,829.99,
879,171.19400000000002,244,355.0,,602.98,,
878,171.245,245,352.9,,604.99,784.99,
877,171.20857142857145,247,356.9916666666666,,600.6633333333333,889.99,
876,175.25666666666666,248,360.05833333333334,,,934.99,
875,175.39222222222222,249,357.4875,,598.15,933.995,
874,176.02666666666667,250,363.0,354.86,597.3283333333334,933.0,
873,174.7118181818182,251,358.3,353.5,598.495,800.0,
872,180.56777777777776,252,362.70799999999997,355.0,594.72,,
871,181.92,253,367.6554545454546,362.3666666666666,584.49,932.49,
870,183.45,254,366.8,361.93,,889.99,
869,180.94,255,373.80625,371.748,619.98,889.99,
868,182.79666666666665,256,376.8325,,640.0,,
867,181.02333333333334,257,373.225,,604.475,889.99,
866,180.064,258,378.15999999999997,354.6933333333333,633.33,,
865,180.94833333333335,259,372.475,,634.4449999999999,829.6633333333333,
864,178.69545454545454,260,381.45,359.86,619.4159999999999,791.745,
863,179.158,261,383.77,358.86,600.46,,
862,175.1,262,387.7,357.93,580.495,,
861,175.47666666666666,263,392.305,,573.495,,
860,175.2125,264,393.16499999999996,358.5733333333333,576.88,,
859,174.89,265,392.09,359.0,580.315,,
858,175.97714285714287,266,390.9642857142857,361.895,584.44,,
857,176.25333333333333,268,398.90857142857146,355.975,585.7475,,
856,174.68555555555557,269,400.45,356.0,589.33,792.245,
855,174.0566666666667,270,397.745,357.975,588.6600000000001,,
854,175.77428571428572,271,389.75,359.0,587.995,,
853,176.51384615384615,272,393.5,359.49,589.95,,
852,175.88714285714286,273,398.74571428571426,359.86,592.75,800.0,
851,175.3525,274,400.6271428571428,358.0,581.1766666666666,804.99,
850,172.996,275,401.2742857142857,359.86,585.3066666666667,,
849,174.42666666666665,276,395.65000000000003,356.0,586.98,800.0,
848,173.5,277,401.95,,587.97,,
847,177.496,278,403.23,,587.985,,
846,176.95,279,401.962,359.96500000000003,588.0,813.435,
845,177.16666666666666,280,406.776,356.0,582.9825000000001,784.99,
844,178.75,282,412.495,368.45,588.8866666666667,,
843,178.35399999999998,283,399.168,,596.0,799.99,
842,178.198,284,404.33,,598.0,,
841,178.16333333333333,285,404.83,357.0,593.0,,
840,179.74333333333334,286,402.196,356.0,600.99,786.8266666666667,
839,179.98333333333335,287,404.1225,352.33,602.99,791.5,
838,179.0,288,398.84857142857146,352.9866666666667,,,
837,180.12857142857143,289,407.0,357.77799999999996,604.99,,
836,180.54857142857142,290,407.4816666666666,362.99666666666667,602.99,,
835,181.58571428571426,291,411.2125,359.95,,,
834,178.8709090909091,292,,357.5,604.99,794.0,
833,179.892,293,408.33,361.495,,789.99,
832,183.77666666666667,294,407.99,363.31666666666666,,794.99,
831,181.0,295,405.794,359.475,607.0,795.0,
830,179.985,296,400.798,357.66,605.5,,
829,179.91857142857143,297,403.4816666666666,,,798.0,
828,183.31400000000002,298,407.3183333333333,353.5,,,
827,179.31099999999998,299,407.725,354.775,,,
826,178.9975,300,408.8966666666667,351.8727272727273,605.9966666666667,,
825,180.92000000000002,301,403.80833333333334,352.8985714285714,607.99,809.99,
824,181.99,302,394.25,352.495,609.99,,
823,181.85142857142858,303,392.584,358.0,612.49,804.99,
822,182.125,304,395.2425,,612.33,804.99,
821,187.43571428571428,305,390.47,,612.66,798.995,
820,185.48285714285717,306,,340.0,614.495,798.0,
819,185.9975,307,,365.97400000000005,610.5,,
818,181.97,309,402.26800000000003,372.16818181818184,602.0,,
817,181.99,310,402.70714285714286,373.2,603.2475,,
816,182.0,311,402.725,376.71,619.495,798.0,
815,187.66333333333333,312,400.525,367.995,623.0,,
814,189.5677777777778,313,,363.49,619.99,799.0,
813,193.8542857142857,314,408.18,370.26666666666665,611.495,789.99,
812,196.65,315,398.5,366.174,623.0,,
811,198.92999999999998,316,399.8333333333333,370.16333333333336,624.6633333333333,804.99,
810,203.31857142857143,317,395.6828571428572,,619.99,,
809,201.65333333333334,318,396.85833333333335,357.495,629.99,,
808,207.70666666666665,319,394.3175,,619.99,,
807,209.35750000000002,320,,,,809.97,
806,209.55599999999998,321,389.795,371.48,619.99,794.99,
805,211.07999999999998,322,393.29,413.87600000000003,621.745,798.3166666666666,
804,213.535,325,394.5566666666667,408.2033333333334,,791.6566666666668,
803,217.89600000000002,326,398.95,,599.99,,
802,220.99,327,,379.99,,,
801,221.91666666666666,328,398.975,377.572,614.99,,
800,223.29,330,398.12999999999994,366.0,639.9925000000001,,
799,223.2,331,401.49,334.5,609.3333333333334,,
798,220.77999999999997,332,404.4166666666667,334.6,622.66,796.475,
797,222.73333333333335,333,404.5,334.0,,799.99,
796,223.225,334,405.0,334.6333333333333,636.66,803.0,
795,222.792,335,405.495,335.0,639.995,803.99,
794,222.005,336,400.0,326.95,637.495,805.0,
793,221.156,337,405.475,332.5,621.5,808.0,
792,223.24,338,,330.0,633.995,809.0,
791,223.75,339,405.66,334.2,,,
790,223.57,340,,334.0,644.99,809.99,
789,224.435,341,404.64000000000004,332.99,629.995,789.99,
788,228.47166666666666,342,404.0,333.4875,612.99,809.99,
787,231.65,343,404.245,338.18,611.9933333333333,,
786,233.97,344,,338.9866666666667,610.0,799.99,
785,235.61,345,406.995,335.97,,787.49,
784,238.30599999999998,346,408.0,337.95,608.47,789.66,
783,237.18888888888887,347,,335.97,,,
782,235.942,348,408.29,336.008,601.95,799.99,
781,236.11,349,408.49,335.59666666666664,601.95,809.99,
780,232.74,350,409.0,336.47769230769234,612.66,824.98,
779,231.475,352,408.0,338.78999999999996,,829.0,
778,231.63,353,409.84999999999997,342.91499999999996,,,
777,234.475,354,409.98499999999996,,,,
776,235.495,355,411.485,342.945,,,
775,236.0,356,411.995,342.44666666666666,,,
774,237.0,357,412.24,344.98,,,
773,239.4875,358,418.246,,,,
772,236.99666666666667,359,425.0,,619.995,,
771,233.99333333333334,360,429.29,350.995,624.99,,
770,242.98666666666668,361,429.49,352.4875,,,
769,245.84,362,429.99,351.8533333333333,619.99,,
768,248.58800000000002,363,425.0,344.2285714285714,612.99,,
767,252.166,364,427.495,344.7025,616.49,,
766,254.144,365,427.495,351.134,616.995,,
765,252.32000000000002,366,428.495,354.51454545454544,,,
764,257.87333333333333,367,,362.24,,,
763,246.49285714285716,368,429.42,361.74,,,
762,248.21333333333334,369,428.85,353.66,,,
761,247.1311111111111,370,,358.57125,608.99,,
760,253.98666666666668,371,427.62142857142857,360.262,,,
759,253.64285714285714,372,430.34000000000003,365.235,,,
758,245.56199999999998,373,435.03833333333336,360.96,605.2850000000001,,
757,242.35999999999999,374,438.695,365.71333333333337,596.57,,
756,246.4,375,438.4633333333333,368.5385714285714,,,
755,243.27,376,439.39,370.316,,,
754,248.97333333333336,377,440.49,374.22769230769234,609.99,,
753,267.96,378,444.16333333333336,376.3155555555556,615.99,,
752,248.98000000000002,379,444.0,376.15600000000006,603.28,,
751,248.98000000000002,380,449.99,359.53200000000004,607.66,,
750,246.86,381,446.33,376.31666666666666,,,
749,245.488,382,,368.3233333333333,,,
748,244.504,383,444.6666666666667,343.838,,,
747,243.5,384,,364.62833333333333,598.985,,
746,244.7475,385,448.2,367.582,596.495,,
745,243.975,386,451.79799999999994,348.4433333333333,605.092,804.99,
744,243.95,387,441.5,348.47499999999997,592.26125,,
743,245.456,388,442.0,346.7275,593.3733333333333,,
742,245.0,389,445.0,345.37600000000003,,,
741,248.38125,390,447.875,345.47,597.365,,
740,245.844,391,445.0775,345.94666666666666,595.1957142857143,,
739,243.68,392,446.47749999999996,344.475,582.495,,
738,244.0,393,446.7033333333334,346.4775,599.97,,
737,243.348,394,453.5,362.6433333333334,599.97,,
736,248.59,395,460.0,366.65333333333336,604.3266666666667,,
735,247.796,396,,345.975,612.3233333333334,,
734,245.99333333333334,397,,345.1975,610.99,,
733,244.745,398,464.99,340.6625,609.49,,
732,241.66666666666666,399,454.99666666666667,347.96500000000003,612.99,,
731,246.49,400,463.57,343.748,613.4933333333333,,
730,245.4975,401,468.1175,346.5211111111111,609.192,,
729,243.7688888888889,402,,338.27,609.99,829.0,
728,241.916,403,456.99,349.97,615.99,,
727,242.596,404,461.49,337.2366666666667,589.925,,
726,236.78000000000003,405,,342.5375,,,
725,243.82500000000002,406,461.99,340.37142857142857,609.99,829.0,
724,233.64666666666665,407,463.245,339.675,606.99,804.99,
723,230.17600000000002,409,461.4,335.32666666666665,569.4300000000001,,
722,232.495,410,463.0,335.9766666666667,,,
721,236.592,411,468.6666666666667,330.745,,,
720,238.97,412,467.99,330.2375,619.99,,
719,250.66333333333336,413,465.0,326.99666666666667,569.49,,
718,238.36,414,,330.105,562.9466666666667,,
717,250.675,415,474.0,327.4866666666667,,,
716,240.39249999999998,416,464.4975,327.46,608.99,,
715,242.79666666666665,417,464.1425,,616.66,,
714,248.28142857142856,418,,,617.99,,
713,246.49,419,470.0,329.07666666666665,650.0,,
712,257.64500000000004,420,468.2514285714286,329.46000000000004,,,
711,252.7475,421,461.76666666666665,323.5,617.99,,
710,246.596,422,476.575,323.5,662.13,,
709,247.33333333333334,423,473.8416666666667,326.56857142857143,639.98,,
708,249.64000000000001,424,469.41875,326.66333333333336,,,
707,252.24625,425,,326.84000000000003,,,
706,251.22400000000002,426,456.995,325.7425,619.74,,
705,256.5,427,454.495,327.0,624.49,,
704,253.98000000000002,428,455.08833333333337,330.66,623.994,,
703,249.0,429,468.385,327.0,622.49,,
702,249.73000000000002,430,486.54999999999995,331.8675,611.245,,
701,245.49333333333334,431,516.0,328.3333333333333,,,
700,247.08,432,464.495,330.5,,,
699,250.805,433,466.16,335.61125,617.49,,
698,251.01999999999998,434,467.5,338.0,684.0,,
697,248.83,435,462.5,335.7357142857143,645.6566666666666,,
696,239.5,436,489.995,337.322,649.99,,
695,241.08,437,,338.78999999999996,,,
694,252.4,438,440.0,337.0,,,
693,247.058,439,,337.1466666666667,659.97,,
692,245.88,440,,337.2375,639.99,,
691,247.0,441,450.0,338.7733333333333,713.5,,
690,248.32666666666668,443,,345.24666666666667,704.3262500000001,,
689,246.99666666666667,444,,353.12600000000003,707.2425000000001,,
688,248.495,445,,356.2733333333333,704.792,,
687,248.245,446,,352.49,676.1899999999999,,
686,248.835,447,,353.46500000000003,685.4925000000001,,
685,248.99,450,429.5,352.0,678.9916666666667,,
684,248.5,451,424.0,,675.99,,
683,248.0,452,439.0,357.76666666666665,664.9933333333333,,
682,246.0,453,,358.162,666.99,,
681,245.0,454,,359.42285714285714,655.2425000000001,,
680,242.5,455,448.355,360.9375,658.99,,
679,247.0,456,449.33,,658.1940000000001,,
678,245.0,457,459.0,365.0,655.192,,
677,247.99666666666667,458,464.44,369.8275,656.99,,
676,244.4975,459,,,,,
675,258.995,461,463.32666666666665,369.95,639.99,,
674,262.495,462,464.8457142857143,371.2816666666667,633.49,,
673,239.3066666666667,463,461.99799999999993,376.985,632.99,,
672,247.49,465,462.0,374.48,629.0,,
671,270.995,467,,373.0,,,
670,273.0,468,466.99,379.4425,629.495,,
669,265.0,469,488.994,381.05454545454546,646.4157142857142,,
668,264.49,470,471.34875,382.9225,639.1566666666666,,
667,264.99666666666667,472,484.78999999999996,394.245,629.99,,
666,270.99,473,471.99500000000006,394.745,628.995,,
665,266.0,474,,397.49,,,
664,259.985,475,460.245,403.698,,,
663,266.46333333333337,477,467.96999999999997,392.398,,,
662,267.0,478,458.28599999999994,397.6,627.49,,
661,261.1,479,455.98999999999995,407.33,628.995,,
660,262.05333333333334,480,465.9871428571428,399.9975,629.99,,
659,265.995,481,462.0,396.0,647.162,,
658,265.995,482,458.3707142857143,389.975,,,
657,267.0,483,459.84,389.7375,645.672,,
656,263.49,484,461.96,386.0,629.988,,
655,263.24,485,461.9614285714286,383.0,638.98,,
654,264.79,486,465.49,387.0,647.35875,,
653,265.4511111111111,487,457.4916666666666,,649.99,,
652,263.25142857142856,488,459.98285714285714,389.0,,,
651,264.595,489,,390.0,642.1899999999999,,
650,268.6566666666667,490,435.5833333333333,388.4,648.995,,
649,268.99,491,468.22749999999996,390.99285714285713,653.1780000000001,,
648,269.9016666666667,493,476.10615384615386,399.95,652.33,,
647,271.495,499,446.5466666666667,418.9875,655.1744444444444,,
646,270.4975,500,438.58600000000007,423.975,655.215,,
645,269.5,501,449.86125000000004,431.22,655.2900000000001,,
644,274.21500000000003,502,459.2728571428571,430.2833333333333,655.35,,
643,275.485,503,461.65000000000003,428.5371428571429,656.4875,,
642,274.166,504,451.99,430.075,649.4925000000001,,
641,276.4875,505,444.99,435.946,644.7425000000001,,
640,264.6466666666667,506,444.425,433.52799999999996,647.6566666666666,,
639,274.615,507,433.45625,436.99,650.2066666666666,,
638,272.3990909090909,508,446.3255555555556,,659.99,,
637,274.3333333333333,509,430.536875,426.97,649.99,,
636,274.0514285714286,510,428.446,431.172,647.6566666666666,,
635,271.698,511,421.68333333333334,453.3014285714286,678.16,,
634,276.33,512,421.558,462.39285714285717,695.6114285714285,,
633,274.49,513,423.538,459.8666666666666,711.18,,
632,267.495,514,430.11199999999997,455.0,708.73625,,
631,273.51,515,430.32666666666665,,702.13,,
630,277.2277777777778,516,427.41857142857145,468.59400000000005,726.65,,
629,274.59125,517,427.4916666666666,467.10857142857145,729.97,,
628,276.09857142857146,518,427.8471428571429,456.16999999999996,704.7940000000001,,
627,276.965,519,434.99,460.8733333333333,707.47,,
626,273.2866666666667,520,414.72,448.32,710.754,,
625,271.592,521,416.06666666666666,448.495,712.72,,
624,274.4975,522,428.98999999999995,462.66,713.7522222222223,,
623,271.08875,523,424.99,458.71999999999997,712.1483333333334,,
622,279.32666666666665,524,417.1940000000001,444.0142857142857,702.687,,
621,276.975,525,417.1014285714286,441.0375,706.874,,
620,269.995,526,411.2681818181818,439.99666666666667,711.8457142857143,,
619,270.0,527,410.79799999999994,454.97,714.168,,
618,262.5,529,419.55428571428575,,716.4699999999999,,
617,263.0566666666667,530,407.2075,463.33,716.4144444444445,,
616,264.525,531,405.2128571428571,461.5466666666666,713.1666666666666,,
615,264.97,532,400.7286666666667,462.96000000000004,715.6416666666668,,
614,263.6666666666667,533,404.72,459.802,719.1416666666668,,
613,262.495,534,392.0,463.2225,718.3111111111111,,
612,262.89833333333337,535,393.9625,459.83,732.1257142857143,,
611,265.0,536,394.0,455.2375,737.4900000000001,,
610,267.90999999999997,537,393.99,,735.985,,
609,267.90999999999997,539,391.7,444.52,731.1207692307692,,
608,272.3607692307692,540,394.6666666666667,443.0,734.92375,,
607,272.2085714285714,541,395.5,445.8075,739.4055555555556,,
606,267.485,542,396.3333333333333,449.495,738.32,,
605,266.66333333333336,543,398.745,444.495,737.8457142857143,,
604,259.475,545,,446.8966666666667,729.975,,
603,259.9916666666667,546,405.09777777777776,445.51666666666665,731.684,,
602,258.85,547,405.07166666666666,445.47249999999997,730.8081818181819,,
601,259.745,548,407.306,439.975,729.495,,
600,269.421875,549,406.74461538461543,453.0,722.99,,
599,273.8463636363636,550,408.8888888888889,460.78600000000006,727.49,,
598,267.95500000000004,551,409.8666666666666,452.62875,,,
597,273.695,552,405.4525,435.0,729.1566666666668,,
596,274.99,553,405.25076923076927,441.525,,,
595,266.985,554,408.2991666666667,444.235,735.88,,
594,267.6466666666667,555,,443.5571428571429,736.9341666666666,,
593,280.0525,556,394.43,441.98400000000004,741.6116666666667,,
592,282.90142857142854,557,398.2516666666667,440.0,,,
591,277.77777777777777,558,395.5157142857143,436.5,738.04,,
590,279.6558333333333,559,,438.99,736.9733333333334,,
589,277.982,560,394.9625,444.97,738.1300000000001,,
588,270.094,561,403.99916666666667,443.21000000000004,740.037,,
587,262.445,562,402.43,455.98400000000004,742.9588888888889,,
586,264.12,563,401.8925,464.0,744.9625,,
585,260.4242857142857,564,403.27666666666664,464.95,,,
584,256.5825,565,405.48,467.0,747.8088235294117,,
583,257.99333333333334,566,,462.475,746.8492307692309,,
582,279.82666666666665,567,405.66,460.0,744.1659999999999,,
581,287.95,568,408.5607142857143,462.9666666666667,746.99,,
580,287.976,569,409.71000000000004,461.65000000000003,764.97,,
579,280.7191304347826,570,412.99,462.31333333333333,828.9875,,
578,277.56714285714287,571,,462.475,821.1959999999999,,
577,278.57714285714286,572,,,809.99,,
576,274.09625,573,414.99,465.50666666666666,822.984,,
575,281.6333333333333,574,413.99,468.26,815.9860000000001,,
574,270.0,575,421.49,463.245,836.256875,,
573,273.077,576,424.99,469.0333333333333,,,
572,274.46444444444444,577,427.9225,473.475,825.7760000000001,,
571,273.039375,578,429.735,473.0,765.9933333333333,,
570,286.6191666666667,579,,476.3225,779.24,,
569,290.96166666666664,580,,472.57166666666666,776.7900000000001,,
568,290.592,581,434.495,475.5972727272727,819.8655555555556,,
567,286.995,582,436.74666666666667,477.58818181818185,785.888,,
566,270.7942857142857,583,440.0,477.69166666666666,794.28375,,
565,282.38111111111107,584,444.456,480.68375000000003,823.11375,,
564,296.9877777777778,585,447.16333333333336,485.3925,818.735,,
563,308.37,586,448.81,468.63599999999997,817.1188888888888,,
562,288.3,587,446.995,476.4066666666667,836.6483333333334,,
561,319.384,588,448.995,484.0,819.2157142857143,,
560,297.42545454545456,589,448.725,460.42833333333334,831.9727272727273,,
559,282.81,590,,458.62875,827.2057142857144,,
558,274.3483333333333,591,447.4883333333333,467.99,818.9914285714286,,
557,287.495,592,445.46500000000003,469.6366666666667,797.49,,
556,272.698,594,447.51666666666665,471.0,829.9,,
555,273.74,595,446.77,472.1266666666667,838.72125,,
554,269.95,596,444.47,476.0,835.4144444444444,,
553,284.23,597,444.38599999999997,475.28000000000003,826.3166666666666,,
552,274.69625,598,444.47,,811.1366666666667,,
551,269.57750000000004,599,444.52200000000005,,788.745,,
550,270.0,600,443.29,,794.9928571428571,,
549,267.485,601,445.0,470.0,761.41,,
548,257.98333333333335,602,445.29400000000004,473.42,,,
547,267.95,603,445.93666666666667,478.5,793.9978947368421,,
546,267.3525,604,446.97,481.5,789.9900000000001,,
545,268.32399999999996,605,446.97,501.995,757.49,,
544,264.9714285714286,606,448.37399999999997,,769.99,,
543,281.7407692307692,607,,485.0,694.935,,
542,260.28000000000003,608,,489.88,693.572,,
541,286.7735714285714,609,447.1940000000001,501.985,690.9716666666667,,
540,239.98333333333335,610,451.18142857142857,508.99,688.97,,
539,230.33333333333334,613,450.96714285714285,490.0,689.98,,
538,222.495,614,,492.48,689.985,,
537,225.0,615,,494.49,,,
536,232.5,619,448.95,529.0,689.6407692307693,,
535,233.0,623,449.87111111111113,506.62,689.8544444444444,,
534,234.86,624,453.28,520.0,689.982,,
533,232.61,625,455.93666666666667,529.0,689.966,,
532,233.0,626,461.4433333333333,575.0,689.9728571428572,,
531,232.4375,627,460.855,518.6949999999999,689.97,,
530,232.272,628,456.9083333333333,514.0,,,
529,235.07875,629,451.8625,509.10555555555555,,,
528,232.34,630,457.69,495.0,688.95,,
527,232.34,631,459.91499999999996,564.9175,689.148,,
526,234.19285714285712,632,458.32666666666665,515.106,689.2966666666667,,
525,236.87272727272727,633,454.9054545454546,517.4449999999999,689.9699999999999,,
524,232.275,635,459.4425,504.95,,,
523,234.85500000000002,636,459.99,503.85714285714283,689.46,,
522,232.22000000000003,637,460.70200000000006,494.608,688.27,,
521,232.34,639,463.99,489.42904761904765,689.9699999999999,,
520,232.6816666666667,640,466.39909090909083,477.495,689.9739999999999,,
519,235.37600000000003,641,468.93666666666667,,,,
518,236.36380952380955,642,462.5028571428571,,,,
517,237.696,643,462.8933333333334,492.82000000000005,,,
516,237.7711111111111,644,465.8808333333333,492.16499999999996,689.99,,
515,238.99,645,445.33,488.995,688.98,,
514,236.37,646,441.61,487.0,688.3166666666666,,
513,237.44444444444446,647,443.32666666666665,,686.99,,
512,238.29500000000002,648,440.0,489.0,689.4211111111111,,
511,240.667,649,,485.0,,,
510,239.9275,650,448.5375,489.5,689.2671428571429,,
509,246.70000000000002,651,470.9905882352941,489.4675,689.469,,
508,235.0,652,477.1914285714286,491.62999999999994,686.99,,
507,244.49,653,478.6976923076923,476.5,,,
506,249.66,654,482.1948275862069,,689.5069565217391,,
505,256.3233333333333,655,482.98125,479.79833333333335,687.4933333333333,,
504,253.66,656,486.4375,492.91,687.49,,
503,257.9866666666667,657,487.99,489.582,689.495,,
502,259.08166666666665,658,504.8546153846154,490.1583333333333,686.2425000000001,,
501,259.1457142857143,659,512.3485714285714,497.2516666666667,,,
500,257.81,660,513.86,500.0575,,,
499,258.9957142857143,661,514.0,512.88,,,
498,268.05,662,516.46,514.225,689.99,,
497,279.63,663,,499.49,,,
496,274.6166666666667,664,,499.66333333333336,699.99,,
495,284.25,665,526.6566666666666,,707.2425000000001,,
494,283.178,666,539.98,503.8625,692.9860000000001,,
493,279.786,667,539.99,500.81800000000004,,,
492,276.66,668,550.9933333333333,490.0,,,
491,280.992,669,,,,,
490,282.992,670,553.995,498.96166666666664,,,
489,282.886,671,563.74,498.985,,,
488,282.25,672,561.995,497.942,,,
487,284.16333333333336,674,563.3033333333334,492.91400000000004,680.0,,
486,284.158,675,,491.32666666666665,,,
485,285.0,676,569.99,502.928,,,
484,282.39,677,,502.8866666666667,,,
483,285.26,678,580.7325000000001,501.03599999999994,,,
482,287.394,679,579.6533333333333,503.14,689.495,,
481,287.994,680,587.2375,499.875,689.99,,
480,285.0,681,590.34875,503.49,688.69,,
479,288.31333333333333,682,594.9575,503.245,,,
478,288.26928571428573,683,599.945,,,,
477,291.15125,684,599.95,507.99,699.99,,
476,296.48,685,599.96,511.995,709.99,,
475,296.48,686,,516.3166666666667,706.6566666666668,,
474,292.762,687,,516.9975,713.3233333333334,,
473,291.0075,688,588.3166666666667,511.18999999999994,679.99,,
472,285.505,689,588.665,525.4522222222222,,,
471,291.52500000000003,690,592.445,529.99,,,
470,296.84857142857146,691,,534.02,679.99,,
469,297.41285714285715,692,590.3642857142858,522.598,679.99,,
468,304.8,693,579.485,508.78357142857146,679.99,,
467,297.14000000000004,694,598.97,521.39,679.99,,
466,304.695,695,589.9372727272727,524.988,679.99,,
465,303.1753846153846,696,594.10125,534.11,679.99,,
464,309.158,697,599.9125,533.7433333333333,679.99,,
463,302.644,698,599.89,527.657142857143,,,
462,305.16,699,,522.0319999999999,,,
461,305.43833333333333,700,,509.191,,,
460,299.32500000000005,701,,502.8833333333333,,,
459,299.47166666666664,702,599.9000000000001,503.68,,,
458,305.389,703,599.776875,568.99,,,
457,305.695,704,599.83,519.3233333333334,,,
456,302.63142857142856,705,,489.884,679.99,,
455,307.6036363636363,706,,509.39285714285717,,,
454,321.716,707,599.9533333333334,512.47,,,
453,291.43,708,,518.235,,,
452,328.3225,709,599.96,539.0,,,
451,312.08875,710,599.97,529.0,,,
450,322.7422222222222,711,584.99,511.59400000000005,729.99,,
449,316.91125,712,,489.778125,,,
448,324.369,713,,475.98333333333335,,,
447,336.32666666666665,714,601.2325000000001,493.4463636363636,756.3266666666667,,
446,287.94666666666666,718,619.965,,869.0,,
445,311.745,719,621.13,479.3833333333334,,,
444,329.99,720,624.485,479.98,,,
443,318.9625,721,616.6533333333333,477.65333333333336,865.0,,
442,308.4575,722,612.49,472.3933333333334,865.0,,
441,370.98333333333335,723,615.8249999999999,476.995,,,
440,360.475,724,615.0139999999999,472.66,869.0,,
439,346.19,725,625.02,,,,
438,358.31666666666666,726,625.0,,,,
437,365.68125,727,584.99,464.83299999999997,,,
436,338.248,728,608.6828571428571,462.3233333333333,865.0,,
435,315.28000000000003,729,597.74,462.12,,,
434,309.495,730,607.495,458.99799999999993,869.0,,
433,314.7425,731,635.0,457.95,766.49,,
432,296.6566666666667,732,643.8725,461.7425,,,
431,302.192,733,645.12,463.99333333333334,,,
430,309.0,734,645.055,459.567,,,
429,309.4925,735,625.7014285714286,463.6471428571429,825.495,,
428,309.78499999999997,737,654.5,456.5657142857143,,,
427,308.796,738,645.485,459.49,,,
426,310.0,739,645.485,460.9916666666666,,,
425,318.19,740,,459.995,,,
424,323.24,741,645.485,463.17600000000004,,,
423,322.7325,742,650.0,451.13599999999997,,,
422,314.495,743,651.0,449.4271428571429,704.9466666666667,,
421,324.49,744,,446.392,652.86,,
420,314.99,745,,455.96000000000004,781.99,,
419,323.995,747,,449.98333333333335,,,
418,342.99,748,,451.75333333333333,774.495,,
417,365.3233333333333,749,,455.1875,869.0,,
416,332.17333333333335,752,,458.925,776.9933333333333,,
415,358.76666666666665,753,,458.1,825.495,,
414,355.2642857142857,754,,454.495,825.495,,
413,353.75333333333333,755,633.778,456.975,,,
412,345.5285714285714,756,625.73,460.175,819.2475,,
411,341.99,757,,462.53999999999996,742.9933333333333,,
410,314.27,759,,463.2966666666666,,,
409,335.704,760,,462.475,934.385,,
408,352.33666666666664,761,,,864.0,,
407,349.99,762,,465.74,864.0,,
406,355.0,763,,465.2,,,
405,347.4875,764,,459.925,,,
404,347.71500000000003,765,,464.65000000000003,789.495,,
403,341.9925,766,624.99,465.97,,,
402,352.495,767,613.81,466.95,,,
401,352.395,768,,463.495,,,
400,354.53,769,,464.99,789.495,,
399,352.495,770,624.99,471.392,,,
398,350.99333333333334,771,,477.71,,,
397,347.49,772,634.99,478.7033333333333,,,
396,351.994,773,659.99,478.98,,,
395,349.99285714285713,774,782.6633333333333,,,,
394,351.9642857142857,775,701.784,478.99666666666667,789.495,,
393,349.68,776,782.6633333333333,478.99,,,
392,359.395,777,656.24,483.5842857142857,,,
391,363.65500000000003,778,659.95,483.994,825.495,,
390,362.53,779,,489.8728571428572,767.594,,
389,368.05833333333334,780,,488.99,781.99,,
388,358.925,781,734.495,,,,
387,359.28000000000003,783,839.0,495.47666666666663,804.0550000000001,,
386,368.395,784,657.0633333333334,496.6425,,,
385,367.93,785,629.5175,498.6275,,,
384,367.0,786,631.5766666666667,502.775,781.99,,
383,361.89,787,,,709.99,,
382,359.19000000000005,790,,505.896,745.99,,
381,369.99,791,628.99,503.2383333333334,,,
380,371.778,792,637.99,499.846,,,
379,374.97,795,644.97,,,,
378,372.98333333333335,796,649.9725000000001,508.495,781.99,,
377,380.904,797,642.9933333333333,514.1713333333333,774.495,,
376,387.49,798,641.1075,516.56,869.0,,
375,385.98,800,,517.894,,,
374,384.2925,802,,513.98,,,
373,384.28999999999996,803,,517.22,,,
372,389.97,804,,516.925,,,
371,389.97,805,628.99,516.925,,,
370,388.3233333333333,807,639.99,517.6233333333333,,,
369,375.48,808,,521.1975,,,
368,370.3625,810,679.94,536.48,869.0,,
367,369.49,811,663.9780000000001,518.855,729.0,,
366,377.99,812,653.982,,822.3333333333334,,
365,377.49,813,654.98,521.8966666666666,779.495,,
364,386.24,814,,523.8866666666667,723.6633333333333,,
363,383.325,815,643.47,531.995,710.095,,
362,411.8333333333333,816,630.23,,709.03,,
361,397.8228571428572,817,648.9766666666667,538.5,,,
360,384.5,818,646.935,532.2666666666667,749.8466666666667,,
359,402.495,819,629.62,531.8333333333334,729.99,,
358,411.66,820,620.97,532.2133333333333,,,
357,359.19000000000005,821,617.8100000000001,551.438,,,
356,349.99,822,617.8100000000001,572.37,729.99,,
355,366.315,823,,559.9675,,,
354,356.815,824,,543.392,,,
353,363.79,829,639.95,532.924,,,
352,383.065,830,612.49,533.0,,,
351,395.77000000000004,831,617.9860000000001,532.96,,,
350,398.66,832,612.49,,,,
349,399.0,833,612.49,533.0,,,
348,376.6616666666667,834,626.6566666666666,,,,
347,364.32500000000005,836,628.2627272727273,535.52,,,
346,364.5566666666667,837,625.6566666666666,539.0,,,
345,363.67,838,619.49,,,,
344,363.596,839,631.3233333333334,,,,
343,364.99666666666667,840,634.9766666666667,525.985,,,
342,361.6666666666667,841,659.99,,,,
341,356.4644444444445,842,659.6675,523.995,,,
340,357.6,843,638.74,529.98,,,
339,363.0,844,623.99,,,,
338,358.5833333333333,845,606.6566666666666,,,,
337,358.02,846,622.1328571428572,,,,
336,353.8,847,610.99,,,,
335,360.25333333333333,848,617.49,,,,
334,359.2075,849,622.1342857142857,525.796,,,
333,361.54,850,632.48,,,,
332,363.84000000000003,851,622.48,,,,
331,361.395,853,609.99,531.985,,,
330,363.79,856,629.99,530.4266666666667,,,
329,364.21000000000004,857,629.987,522.6533333333333,,,
328,364.45500000000004,858,622.485,,,,
327,364.99,859,634.8116666666666,516.5,,,
326,369.99,860,622.235,,,,
325,368.46500000000003,861,634.3066666666667,522.9499999999999,,,
324,368.77666666666664,862,658.965,529.5,,,
323,371.1822222222222,863,,,,,
322,373.2846666666667,864,,533.0,,,
321,374.548,865,,,,,
320,374.9,866,,531.0325,,,
319,374.99,867,,532.7666666666667,,,
318,374.9,868,659.99,538.99,,,
317,374.945,869,679.99,543.8925,,,
316,367.49,870,,543.9300000000001,,,
315,374.99,871,679.562,540.0883333333334,,,
314,367.49,872,657.28,540.9200000000001,,,
313,373.50111111111113,873,,539.99,,,
312,374.72333333333336,874,,542.3833333333333,,,
311,374.99,885,664.0766666666667,,,,
310,374.902,886,673.3066666666667,,,,
309,374.99,887,675.0,,,,
308,373.3233333333333,888,,,,,
307,384.99,889,683.598,,,,
306,374.98,892,736.3266666666667,,,,
305,372.44,893,799.0,,,,
304,372.44,894,,,,,
303,369.99,897,734.495,603.495,,,
302,369.99,904,,639.99,,,
301,369.99,906,734.495,,,,
300,369.99,907,,,,,
299,374.99,908,,644.0,,,
298,364.99,910,779.385,663.5742857142858,,,
297,364.49,912,,668.69,,,
296,364.815,913,799.77,,,,
295,364.99,914,799.77,,,,
294,375.27,915,785.9166666666666,669.99,,,
293,379.95500000000004,917,769.2225000000001,687.49,,,
292,379.97,918,759.46,,,,
291,381.52571428571434,919,778.98,724.48,,,
290,384.21,920,778.975,729.48,,,
289,386.6566666666667,921,778.99,,,,
288,389.99,922,701.6466666666666,741.485,,,
287,387.49,923,688.3133333333334,750.9866666666667,,,
286,378.5,926,739.0,763.6216666666668,,,
285,377.93,927,714.97,763.9433333333333,,,
284,378.46000000000004,928,,,,,
283,378.5,930,714.97,759.4742857142857,,,
282,378.495,931,714.97,764.79,,,
281,378.555,932,759.475,766.99,,,
280,378.55,933,768.2561538461539,768.99,,,
279,378.56,934,814.0233333333333,773.995,,,
278,378.63,935,759.475,,,,
277,378.69000000000005,936,699.99,769.99,,,
276,378.82,937,688.0,783.995,,,
275,378.9,938,714.925,,,,
274,378.93,939,714.925,769.99,,,
273,378.95,940,,773.99,,,
272,378.93,941,723.2666666666668,774.49,,,
271,379.475,942,706.3133333333334,,,,
270,380.06333333333333,943,,,,,
269,380.26,944,706.2833333333333,774.99,,,
268,380.29,945,714.475,,,,
267,384.13,946,,,,,
266,386.47,947,,,,,
265,387.658,949,689.66,787.98,,,
264,387.83000000000004,950,689.0,785.1616666666667,,,
263,388.985,951,,799.99,,,
262,389.975,952,673.0,772.48,,,
261,389.99,953,,793.985,,,
260,392.99,956,,,,,
259,394.33,958,670.0,,,,
258,398.2166666666667,959,,776.495,,,
257,399.75,960,679.99,776.495,,,
256,399.10999999999996,961,,780.3025,,,
255,400.7007692307692,962,675.0,792.49,,,
254,401.505,963,,792.49,,,
253,400.1453333333333,964,,,,,
252,402.11,965,,792.188,,,
251,404.886,966,,817.1800000000001,,,
250,405.51,967,,805.9875,,,
249,409.4166666666667,968,,832.49,,,
248,412.9566666666667,969,684.995,833.3166666666666,,,
247,420.85,970,,,,,
246,424.93,971,,,,,
245,439.99,973,,759.99,,,
244,449.0,974,,759.97,,,
243,424.91,975,,759.9833333333332,,,
242,437.46000000000004,978,,759.97,,,
241,424.93,979,,764.98,,,
240,439.74,980,,,,,
239,439.985,981,,,,,
238,432.46500000000003,984,,765.0,,,
237,439.98,985,679.99,770.985,,,
236,439.99,986,,775.985,,,
235,439.10999999999996,987,,,,,
234,432.48,993,,796.97,,,
233,441.99,994,679.99,,,,
232,441.49,995,,808.0,,,
231,441.27571428571434,997,699.99,,,,
230,440.9766666666667,998,,,,,
229,439.99,999,,,,,
228,441.49,1000,,809.97,,,
227,441.78999999999996,1001,741.995,,,,
226,438.03999999999996,1002,,,,,
225,434.03599999999994,1003,,,,,
224,431.6566666666667,1004,,,,,
223,431.7675,1005,,,,,
222,425.90999999999997,1006,,809.99,,,
221,427.245,1007,764.99,812.99,,,
220,431.72333333333336,1008,787.485,817.0,,,
219,424.82,1009,844.98,819.99,,,
218,423.3775,1010,,824.99,,,
217,419.0,1011,729.99,,,,
216,424.95,1012,878.47,,,,
215,424.96000000000004,1013,,,,,
214,424.96000000000004,1014,878.94,829.485,,,
213,424.95500000000004,1016,825.79,824.99,,,
212,427.6233333333333,1017,729.99,830.0,,,
211,428.49,1018,828.4425,,,,
210,426.74666666666667,1019,729.99,833.0,,,
209,426.1333333333334,1020,825.79,,,,
208,424.9533333333333,1022,825.785,839.97,,,
207,424.96500000000003,1023,878.99,849.79,,,
206,428.8,1025,,,,,
205,428.5225,1026,,,,,
204,428.9,1027,833.255,,,,
203,437.9552631578947,1029,830.7633333333333,,,,
202,439.7916666666667,1030,816.345,,,,
201,439.99,1035,849.0,849.99,,,
200,449.70142857142855,1036,949.66,,,,
199,455.9036363636364,1037,862.6566666666668,,,,
198,454.0,1038,889.99,,,,
197,454.495,1041,845.54,,,,
196,472.865,1042,,,,,
195,472.97,1043,849.0,,,,
194,472.66,1044,848.99,,,,
193,472.98,1045,888.85,,,,
192,472.88000000000005,1046,,,,,
191,473.74458333333337,1048,,,,,
190,474.72125,1049,,,,,
189,475.03,1050,,,,,
188,476.1531034482759,1051,,,,,
187,478.16346153846155,1052,,,,,
186,478.95500000000004,1053,,,,,
185,479.0,1055,,,,,
184,493.0,1056,,,,,
183,496.0,1057,,,,,
182,499.0,1062,,,,,
181,498.7075,1066,949.77,,,,
180,509.95,1067,,,,,
179,499.325,1068,,,,,
178,508.4496153846154,1069,,,,,
177,499.99,1070,,,,,
176,489.9,1071,999.77,,,,
175,493.29333333333335,1072,,,,,
174,489.9,1074,,,,,
173,503.3233333333333,1075,,,,,
172,494.945,1076,,,,,
171,509.97249999999997,1077,,,,,
170,489.5933333333333,1078,,,,,
169,494.945,1080,,,,,
168,511.22375,1081,,,,,
167,504.76800000000003,1082,,,,,
166,515.0,1083,,,,,
165,504.225,1085,899.0,,,,
164,512.5685714285714,1086,,,,,
163,496.99,1087,,,,,
162,493.99,1088,,,,,
161,496.99,1089,,,,,
160,517.0,1090,,,,,
159,518.552,1091,,,,,
158,516.6,1092,,,,,
157,502.79833333333335,1095,,,,,
156,504.18625000000003,1096,,,,,
155,519.74,1097,,,,,
154,551.2577777777777,1098,,,,,
153,496.2,1099,,,,,
152,514.0,1100,,,,,
151,484.925,1105,1009.77,,,,
150,484.8,1106,1161.24,,,,
149,487.526,1109,1009.77,,,,
148,488.55428571428575,1110,,,,,
147,489.55100000000004,1111,,,,,
146,490.30884615384616,1112,,,,,
145,491.23346153846154,1113,,,,,
144,492.0932,1114,,,,,
143,492.94374999999997,1115,,,,,
142,493.43,1116,,,,,
141,498.35923076923075,1117,,,,,
140,499.9666666666667,1118,,,,,
139,499.99,1120,,,,,
138,514.1921052631578,1122,,,,,
137,517.7478571428571,1123,,,,,
136,518.8100000000001,1124,,,,,
135,518.94,1125,,,,,
134,519.0,1126,,,,,
133,519.9466666666667,1129,,,,,
132,519.8966666666666,1130,,,,,
131,543.6,1133,,,,,
130,556.995,1134,,,,,
129,519.86,1138,,,,,
128,519.9100000000001,1139,,,,,
127,519.95,1141,,,,,
126,530.4916666666667,1142,,,,,
125,521.21,1143,,,,,
124,519.9433333333334,1144,,,,,
123,524.38125,1145,,,,,
122,539.0,1146,,,,,
121,522.495,1148,,,,,
120,527.35,1152,,,,,
119,534.8366666666666,1153,,,,,
118,534.5566666666667,1154,,,,,
117,534.99,1159,,,,,
116,545.0,1165,,,,,
115,539.8083333333334,1168,,,,,
114,557.665,1169,,,,,
113,565.1566666666666,1170,,,,,
112,564.99,1171,,,,,
111,566.5699999999999,1172,,,,,
110,571.271111111111,1173,899.99,,,,
109,580.0,1174,,,,,
108,569.84,1175,,,,,
107,569.5325,1176,,,,,
106,572.435,1177,,,,,
105,569.9549999999999,1178,,,,,
104,573.665,1179,,,,,
103,582.46,1180,,,,,
102,579.896,1181,,,,,
101,562.215,1182,,,,,
100,559.99,1184,,,,,
99,549.99,1187,,,,,
98,579.99,1188,,,,,
97,614.0,1189,,,,,
96,614.975,1191,,,,,
95,610.95,1192,,,,,
94,619.0,1195,,,,,
93,614.475,1208,,,,,
92,619.95,1209,,,,,
91,642.92,1210,,,,,
90,609.0,1211,,,,,
89,699.77,1212,,,,,
88,699.77,1213,,,,,
87,654.385,1214,,,,,
86,699.77,1215,,,,,
85,719.935,1216,,,,,
84,799.88,1217,,,,,
83,649.6633333333333,1218,,,,,
82,614.495,1219,,,,,
81,711.4583333333334,1220,,,,,
80,681.4766666666667,1221,,,,,
79,609.0,1222,,,,,
78,651.598,1223,,,,,
77,602.9933333333333,1224,,,,,
76,609.0,1225,,,,,
75,604.495,1228,,,,,
74,604.495,1229,,,,,
73,609.0,1230,,,,,
72,599.99,1231,,,,,
71,609.0,1232,,,,,
70,599.99,1236,,,,,
69,608.9733333333334,1237,,,,,
68,608.92,1238,,,,,
67,624.7529999999999,1243,,,,,
66,627.7463636363636,1244,,,,,
65,629.8875,1245,,,,,
64,633.15,1246,,,,,
63,638.6633333333333,1249,,,,,
62,639.94,1250,,,,,
61,639.985,1251,,,,,
60,635.02,1253,,,,,
59,635.005,1254,,,,,
58,639.98,1255,,,,,
57,639.99,1256,,,,,
56,639.98,1257,,,,,
55,642.25,1258,,,,,
54,644.5,1259,,,,,
53,659.0,1260,,,,,
52,650.01,1261,,,,,
51,650.0,1262,,,,,
50,654.495,1263,,,,,
49,649.99,1264,,,,,
48,659.0,1265,,,,,
47,644.5,1268,,,,,
46,638.915,1270,,,,,
45,659.0,1271,,,,,
44,639.44,1272,,,,,
43,639.3366666666667,1273,,,,,
42,632.664,1274,,,,,
41,643.3133333333334,1275,,,,,
40,644.94,1276,,,,,
39,644.96,1277,,,,,
38,644.9733333333334,1278,,,,,
37,644.96,1279,,,,,
36,644.98,1281,,,,,
35,646.0500000000001,1282,,,,,
34,648.94,1284,,,,,
33,648.9766666666667,1285,,,,,
32,653.99,1286,,,,,
31,659.0,1300,,,,,
30,659.98,1302,,,,,
29,,1307,,,,,
28,659.98,1308,,,,,
27,,1309,,,,,
26,659.98,1310,,,,,
25,,1311,,,,,
24,659.98,1316,,,,,
23,,1318,,,,,
22,659.99,1319,,,,,
21,,1322,,,,,
20,659.99,1323,,,,,
19,659.98,1326,,,,,
18,659.99,1329,,,,,
17,,1331,,,,,
16,659.99,1332,,,,,
15,,1333,,,,,
14,709.99,1336,,,,,
13,,1338,,,,,
12,759.99,1341,,,,,
11,724.3233333333334,1342,,,,,
10,659.99,1357,,,,,
9,,1362,,,,,
8,659.99,1368,,,,,
7,,1371,,,,,
6,659.99,1372,,,,,
5,,1375,,,,,
4,659.99,1379,,,,,
3,759.99,1382,,,,,
2,,1389,,,,,
1,659.99,1403,,,,,
0,699.99,1404,,,,,
