,Day,iPhone 8,iPhone X,iPhone XS,iPhone 11,iPhone 12,iPhone 13
0,0,699.99,899.99,849.99,709.99,829.99,729.99
1,1,659.99,921.7579265,816.4214021,731.9232439,804.99,879.5394347
2,2,699.99,897.6699591,810.102,729,804.1831579,763.0122058
3,3,759.99,894.6318704,810.9741874,744.4257143,804.99,764.0676826
4,4,659.99,896.6895086,824.99,721.8073258,806.2448353,921.4644083
5,5,714.5781723,940.3143441,809.99,774.495,805.3441176,772.4035691
6,6,659.99,843.5925784,810.066235,704.63,803.9307142,960
7,7,672.5053507,896.8901716,797.0576923,745.99,794.515,776.6507627
8,8,659.99,888.9388455,801.6596871,745.99,804.4201837,769.6710182
9,9,659.99,977.8806357,796.97,754.6316,805.9897427,874.2460967
10,10,659.99,889.4206413,799.083217,767.594,804.4620409,774.7588594
11,11,724.3233333,976.4915233,759.99,745.1666909,789.66,757.2421252
12,12,759.99,898.6169534,759.98,744.3617184,787.49,779.97
13,13,694.1366066,894.0625262,833.3166667,934.385,809.99,760.5395205
14,14,709.99,1009.77,805.9875,805.9966667,809.99,757.3923433
15,15,683.8205248,989.2522047,810.8266022,852.1454801,808,773.7935566
16,16,659.99,914.4586844,792.49,825.495,805,770.97
17,17,659.989107,929.1528893,792.49,825.495,803.99,768.951701
18,18,659.99,929.0057805,776.495,772.3091974,799.99,774.97
19,19,659.98,880.0499161,828.705,774.495,806.2844109,778.97
20,20,659.99,883.3943177,780,781.99,803.693983,773.6366667
21,21,659.9872863,883.9777329,793.985,652.86,802.9745204,777.97
22,22,659.99,918.7937237,785.1616667,806.7710743,804.659711,768.985
23,23,659.9831451,961.0911413,787.98,816.527615,798.3166667,753.495
24,24,659.98,899,779.424401,842.4222878,809.97,761.9766667
25,25,659.98,973.6685082,778.7141547,813.4385075,796.4268172,751.99
26,26,659.98,956.9867505,774.49,842.6436038,789.99,749
27,27,656.7657928,892.332799,773.99,766.49,799,751.99
28,28,659.98,964.769865,769.99,869,795.7693672,748.7475
29,29,657.2641502,932.5749418,739.5458205,841.02352,798,768
30,30,659.98,999.77,768.99,869,798,752.99
31,31,659,936.1486809,764.79,865,804.99,762.782
32,32,653.99,880.6778727,687.49,686.64824,791.8092661,772.3133333
33,33,648.9766667,864.665574,673.99,685.6961144,789.1071677,774.47
34,34,648.94,863.9673315,669.99,685.6831443,792.7923052,773.376
35,35,646.05,875.0213199,665.7612861,687.7780177,786.8266667,774.3584059
36,36,644.98,864.8269625,668.69,684.3212404,789.6121835,774.845
37,37,644.96,860.5955903,663.5742857,686.0808832,799.99,774.485
38,38,644.9733333,862.5137444,654.98,683.6689792,795.7953301,774.3233333
39,39,644.96,876.1482757,644,679.99,791.214805,779.47
40,40,644.94,888.85,648.4531511,694.0249468,784.99,779.6366667
41,41,643.3133333,848.99,646.2030715,679.99,813.435,778.0418459
42,42,632.664,849,641.0649378,679.99,805.9056888,789.97
43,43,639.3366667,854.9568883,639.99,679.99,804.7709922,779.98
44,44,639.44,845.54,640.4433333,679.99,800,782.825
45,45,659,848.99,634.99,679.99,806.3391331,779.485
46,46,638.915,851.3755107,635.733514,679.99,804.99,781.7375
47,47,644.5,862.6566667,618.3133333,690.2724718,798.3036595,778.2010639
48,48,659,837.3521159,597.128,713.3233333,792.245,788.97
49,49,649.99,825.0610019,588.95,706.6566667,790.2203654,783
50,50,654.495,830.9934653,598.0463633,709.99,792.245,787.976
51,51,650,842.746,624.0533757,699.99,794.7827758,774.3233333
52,52,650.01,816.345,598.3811617,703.6163197,792.1318375,786.700032
53,53,659,830.7633333,600.9764263,710.653099,809.1233323,786.985
54,54,644.5,821.655,573.0669264,688.69,878.8029204,792.9866667
55,55,642.25,833.255,600.4380246,689.99,902.1735221,774.495
56,56,639.98,822.8037091,579.4785728,689.495,808.8335309,762.49
57,57,639.99,861.521865,636.8880784,690.0837718,791.745,762.5
58,58,639.98,878.975,636.1089993,690.3028348,829.6633333,758.825
59,59,635.005,878.99,598.8474359,691.4809582,823.5161436,756.6566667
60,60,635.02,825.785,623.2573963,687.7654257,889.99,770.240018
61,61,639.985,825.79,609.8996924,685.9475,889.99,772.978
62,62,639.94,729.99,538.65,689.0291168,889.99,759.49
63,63,638.6633333,828.4425,538.43,690.729841,932.49,784.1383333
64,64,633.15,819.364,552.645,691.0644227,933,783.65
65,65,629.8875,878.94,546.785,692.077044,933.995,791.985
66,66,627.7463636,854.2882368,544,692.986,934.99,788.6433333
67,67,624.753,878.47,542.3833333,707.2425,889.99,781.735
68,68,608.92,764.99,543.8925,688.4901573,859.99,794.97
69,69,608.9733333,735.9083438,538.99,688.54657,796.6523271,784.9833333
70,70,599.99,701.3630105,532.7666667,686.2425,782.414571,783.17
71,71,609,741.995,536.4975125,689.5069565,779.99,786.8256962
72,72,599.99,699.8666708,529.5,687.7298855,783.3616623,784.8291899
73,73,609,687.7333995,522.95,686.99,754.99,792.485
74,74,604.495,704.8167101,521.0075035,689.469,757.2506881,792.95
75,75,604.495,699.99,516.5,689.2671429,749.99,794.97
76,76,609,679.99,530.4266667,686.99,782.8973315,780.99
77,77,602.9933333,689.5114097,529,688.3166667,799.99,779.49
78,78,651.598,824.8580717,542.0842857,688.98,824.1827038,786.2728571
79,79,609,679,531.985,689.99,774.6213372,792.49
80,80,681.4766667,780.51561,534.6533333,689.1251553,789.6466667,789
81,81,711.4583333,717.2814075,532.9458175,688.558925,780.0322447,766.9956206
82,82,614.495,694.8281272,537.2676795,688.8875946,774.99,788.6711883
83,83,649.6633333,831.9953096,525.796,689.974,789.97,786.33
84,84,799.88,784.7904259,780.6386173,689.97,782.47,780.8385714
85,85,719.935,679.99,530.8858626,688.8771325,789.95,774.495
86,86,699.77,754.4636796,530.6511156,688.27,789.22,758.7375
87,87,654.385,832.8727486,533.1188092,689.46,765.485,770
88,88,699.77,766.7881989,531.4411661,688.9056241,755.77,764.945
89,89,699.77,768.7469215,529.98,688.8558101,749.88,764
90,90,609,676.1816868,523.995,689.97,744.99,769.3636315
91,91,642.92,791.0613914,543.3798048,689.2966667,747.38,760.9966667
92,92,619.95,676.4842037,525.985,689.148,749.77,762
93,93,614.475,679.0561229,546.4058352,688.95,749.2566667,761.49
94,94,619,683.0249122,550.616851,689.8103251,756.2033808,741.9925
95,95,610.95,693.0135349,559.9675,689.985,769.4258997,723.5
96,96,614.975,679.99,572.37,689.98,752.7976386,749.627995
97,97,614,670,532.2133333,689.7733072,755.2240855,734.47
98,98,579.99,684.791155,531.8333333,688.97,765.7573708,738.9496746
99,99,549.99,684.0125315,532.2666667,690.9716667,764.5813277,734.95
100,100,559.99,679.6106207,531.995,769.99,759.99,729.95
101,101,562.215,696.2458324,521.8966667,789.99,765.3107812,722.98
102,102,579.896,689,519.7225224,793.9978947,764.8060302,723.7425
103,103,582.46,689.66,518.855,792.9748318,767.4071279,719.98
104,104,573.665,666.2666667,536.48,761.41,771.9626722,714.95
105,105,569.955,696.2026718,520.69,794.9928571,749,709.99
106,106,572.435,696.4575903,521.1975,788.745,760.5729551,717.2461391
107,107,569.5325,714.475,517.6233333,811.1366667,799.95,706.97
108,108,569.84,706.2833333,520.2275,826.3166667,787.9769292,704.4842857
109,109,580,700.9087921,516.925,835.4144444,766.63,703.475
110,110,571.2711111,706.3133333,516.925,838.72125,797.495,700.98
111,111,566.57,723.2666667,517.22,829.9,798.3266667,695.3633333
112,112,564.99,712.6916095,513.98,815.788,844.99,691.6566667
113,113,565.1566667,714.925,517.9078029,797.49,801.3625224,689.31
114,114,557.665,714.925,517.894,818.9914286,821.7736468,688.65
115,115,539.8083333,688,517,827.2057143,787.3814815,691.975
116,116,545,814.0233333,508.495,836.6483333,784.6074474,688.215
117,117,534.99,713.4519567,505.896,819.8655556,749.99,692.9926266
118,118,534.5566667,688.3133333,498.6275,826.6944965,772.7572789,691.756
119,119,534.8366667,701.6466667,496.6425,836.256875,774.546607,694.485
120,120,527.35,778.99,495.4766667,815.986,773.0728853,695.99
121,121,522.495,769.2225,489.8728571,828.9875,769.99,700.9825
122,122,539,785.9166667,483.5842857,746.99,759.99,706.2625
123,123,524.38125,799.77,478.99,744.166,749.99,699
124,124,519.9433333,799.77,478.9966667,746.8492308,746.4190789,728.9766667
125,125,521.21,798.1375735,476.1012462,747.8088235,744.99,727.805
126,126,530.4916667,699,478.98,775.1638345,750.4275115,768.99
127,127,519.95,779.385,478.7033333,744.9625,750.3712036,750.98
128,128,519.91,794.9339492,471.392,740.037,748.7801824,726.3
129,129,519.86,796.0689562,464.99,738.13,750.1100286,717.65
130,130,556.995,794.6056212,464.65,741.6116667,743.3103711,682.49
131,131,543.6,760.7617433,459.925,736.9341667,730.319031,689.95
132,132,519.8966667,789,459.8285753,729.1566667,724.66,679.1566667
133,133,519.9466667,768.6144883,462.475,729.5450715,724,662.6433333
134,134,519,767.9585533,462.54,729.495,719.99,662.7425
135,135,518.94,778.1998284,460.175,730.8081818,720.8813254,681.495
136,136,518.81,799,456.975,731.684,718,683.182
137,137,517.7478571,736.3266667,454.495,729.975,712.4583098,669.926
138,138,514.1921053,689,458.1,739.1483333,709.64708,686.9775
139,139,499.99,683.598,455.4355443,738.32,697.4129361,686.5
140,140,499.9666667,675,455.1875,734.92375,709.495,665.045
141,141,498.3592308,673.3066667,451.7533333,731.1207692,699,668.0725
142,142,493.43,664.0766667,449.9833333,731.305,682.33,673.195
143,143,492.94375,661.97,447.62,735.985,679.9983333,673.51
144,144,492.0932,660.79,455.96,737.49,672,677.46
145,145,491.2334615,658.05,446.392,732.1257143,677.6718365,666.105
146,146,490.3088462,650.6975,449.4271429,718.3111111,666.8333333,666.765
147,147,489.551,656.0244065,451.136,719.1416667,661,652.482
148,148,488.5542857,655.6123453,463.176,715.6416667,657.5,672.385
149,149,487.526,668.5119599,459.995,713.1666667,655.1666667,638.62
150,150,484.8,678.5925,456.5657143,716.95,651,608.97
151,151,484.925,672.5123813,460.4191667,714.168,655.1509934,626.3125
152,152,514,679.99,457.95,713.7522222,656.6666667,624.65
153,153,496.2,659.99,458.998,712.72,659.99,643.9275
154,154,551.2577778,646.415811,462.12,710.754,654.9966667,630.2933333
155,155,519.74,654.3938172,462.3233333,707.47,651.6266667,639.836
156,156,504.18625,653.305908,464.833,704.794,646.995,643.2483333
157,157,502.7983333,646.3123812,463.5327081,729.97,642.5,629.6985714
158,158,516.6,634.3066667,476.995,708.73625,640,617.7875
159,159,518.552,622.235,472.3933333,711.18,635,636.5566667
160,160,517,634.8116667,477.6533333,695.6114286,632.495,630.836
161,161,496.99,622.485,479.98,678.16,628.995,605.3928571
162,162,493.99,629.987,479.3833333,647.6566667,626.6433333,629.6166667
163,163,496.99,629.99,493.0987035,649.99,623.3775,643.32
164,164,512.5685714,618.79,497.6626862,659.99,622.8225,634.8083333
165,165,504.225,619.79,491.77,650.2066667,622.1697953,639.95
166,166,515,609.99,493.4463636,644.7425,619.99,0
167,167,504.768,622.48,475.9833333,649.4925,619.495,0
168,168,511.22375,632.48,489.778125,656.4875,623.6732654,0
169,169,494.945,622.1342857,511.594,655.35,618.91,0
170,170,489.5933333,610.99,539,655.215,626.9718978,0
171,171,509.9725,622.1328571,518.235,655.1744444,626.7804936,0
172,172,494.945,606.6566667,512.47,674.99,619.99,0
173,173,503.3233333,623.99,509.3928571,673.7042857,629.99,0
174,174,489.9,638.74,489.884,677.825,633.995,0
175,175,493.2933333,659.99,568.99,681.49,626.6566667,0
176,176,489.9,634.9766667,503.68,652.33,622.8096522,0
177,177,499.99,631.3233333,502.8833333,656.378,624.99,0
178,178,508.4496154,619.49,509.191,653.178,627.7692486,0
179,179,499.325,625.6566667,522.032,648.995,639.99,0
180,180,509.95,628.2627273,527.6571429,642.19,628.9972404,0
181,181,498.7075,617.49,533.7433333,642.3389352,620.66,0
182,182,499,617.986,508.7835714,629.988,644.2966667,0
183,183,496,635.3333333,511.19,628.995,620.516,0
184,184,493,629.49,516.9975,627.49,620.5657143,0
185,185,479,622.7589009,516.3166667,628.7651179,619.0755556,0
186,186,478.955,617.81,507.99,628.9891278,629.808,0
187,187,478.1634615,617.81,504.5176993,629.3321633,637.8566667,0
188,188,476.1531034,620.97,503.245,628.995,632.3729509,0
189,189,475.03,629.62,503.49,629.99,618.034208,0
190,190,474.72125,646.935,499.875,635.7021339,637.4,0
191,191,473.7445833,648.9766667,503.14,639.1566667,638.338,0
192,192,472.88,643.47,502.8866667,629.495,589.0925,0
193,193,472.98,643.1733494,502.928,632.2333445,608.9935695,0
194,194,472.66,654.98,491.3266667,628.99,579.96,0
195,195,472.97,653.982,492.914,629,588.4297645,0
196,196,472.865,663.978,498.59,633.9925,613.4114886,0
197,197,454.495,679.94,497.942,632.99,578.148,0
198,198,454,639.99,492.6979538,644.99,579.65,0
199,199,455.9036364,646.4459862,490,644.2018372,579.49,0
200,200,449.7014286,628.99,500.818,656.99,580.95,0
201,201,439.99,635.0137322,503.8625,655.192,584.5775731,0
202,202,439.7916667,639.49,512.88,664.9933333,592.485,0
203,203,437.9552632,641.1075,500.0575,675.99,594.99,0
204,204,428.9,649.9725,490.1583333,704.99,607.372,0
205,205,428.5225,644.97,489.582,709.99,611.475,0
206,206,428.8,655.774,492.91,685.4925,578,0
207,207,424.965,637.99,489.6626628,704.792,579.43,0
208,208,424.9533333,628.99,476.5,707.2425,588.14,0
209,209,426.1333333,680.3299114,489.4675,692.978,613.5,0
210,210,426.7466667,729.74,489.5,713.5,599.225,0
211,211,428.49,691.0005547,485,639.99,597.1333333,0
212,212,427.6233333,631.5766667,489,659.97,596.4833333,0
213,213,424.955,629.5175,484.8368225,664.3628168,594.36,0
214,214,424.96,839,488.995,649.99,611.5643493,0
215,215,424.96,687.954,492.165,645.6566667,624.08,0
216,216,424.95,734.495,492.82,684,616.6969341,0
217,217,419,677.5696725,490.867861,617.49,605.9175,0
218,218,423.3775,750.4402236,491.6040138,664.4686111,619.95,0
219,219,424.82,659.95,477.495,642.7330118,609.95,0
220,220,431.7233333,656.24,489.4290476,611.245,664.98,0
221,221,427.245,782.6633333,494.12875,622.49,649.33,0
222,222,425.91,701.784,494.608,623.994,628.4875,0
223,223,431.7675,782.6633333,503.8571429,624.49,619,0
224,224,431.6566667,659.99,504.95,619.74,636.76,0
225,225,434.036,634.99,513.5,624.0285114,610.9695648,0
226,226,438.04,628.2265368,517.445,638.2746713,604.99,0
227,227,441.79,624.99,515.106,639.98,605.3850164,0
228,228,441.49,634.9681685,564.9175,662.13,598.45,0
229,229,439.99,680.0761168,495,617.99,604.985,0
230,230,440.9766667,613.81,509.1055556,621.0157221,620.9128346,0
231,231,441.2757143,624.99,514,650,605.538169,0
232,232,441.49,636.708305,575,616.66,632.5033333,0
233,233,441.99,634.4268972,529,608.99,610.8771336,0
234,234,432.48,628.1442451,520,611.7042802,610.2931889,0
235,235,439.11,625.73,523.17,569.43,618.1133333,0
236,236,439.99,633.778,497.386,591.2833333,633.5655556,0
237,237,439.98,624.780038,504.2771429,606.99,628.99,0
238,238,432.465,639.8876317,494.49,609.99,602.98,0
239,239,439.985,676.6309343,499.7566667,615.99,629.99,0
240,240,439.74,632.5139912,509,609.99,619.2645079,0
241,241,424.93,632.8115093,508.99,609.192,607.2366667,0
242,242,437.46,639.7645219,501.985,613.4933333,598.2475,0
243,243,424.91,650.0529341,503.33822,610.99,602.69,0
244,244,449,651,501.995,612.3233333,597.47,0
245,245,439.99,650,481.5,604.3266667,594.95,0
246,246,424.93,649.7859179,473.42,599.97,594.805,0
247,247,420.85,645.485,470,582.495,593.6433333,0
248,248,412.9566667,645.485,472.5434128,595.1957143,589.7628571,0
249,249,409.4166667,654.5,473.56897,597.365,593.99,0
250,250,405.51,626.49,474.8002602,595.6062908,585.4685404,0
251,251,404.886,625.7014286,475.28,593.3733333,584.99,0
252,252,402.11,645.055,476,592.26125,584.97,0
253,253,400.1453333,645.12,472.1266667,605.092,584.98,0
254,254,401.505,643.8725,471,596.495,582.918,0
255,255,400.7007692,635,469.99,598.985,583.5566667,0
256,256,399.11,607.495,469.6366667,601.6913879,583.99,0
257,257,399.75,597.74,467.99,607.6226752,593.5912221,0
258,258,398.2166667,608.6828571,458.62875,602.8994844,607.48,0
259,259,394.33,584.99,460.4283333,607.66,593.7,0
260,260,392.99,625.02,476.4066667,615.99,593.7,0
261,261,389.99,612.49,480.68375,607.9449446,582.69,0
262,262,389.975,616.6533333,477.6916667,596.57,598.45,0
263,263,388.985,624.485,477.5881818,605.285,605,0
264,264,387.83,621.13,475.5972727,604.4663963,601.725,0
265,265,387.658,619.965,472.5716667,608.2889007,596.014,0
266,266,386.47,605.7525,473,607.095722,615.9933333,0
267,267,384.13,601.235,473.475,620.1925762,601.48,0
268,268,380.29,601.2325,469.0333333,620.7273221,607.9733333,0
269,269,380.26,588.6705887,463.245,627.4221115,662.7385714,0
270,270,380.0633333,599.4125473,468.26,616.995,595.2966667,0
271,271,379.475,584.99,465.5066667,616.49,588.725,0
272,272,378.93,599.97,462.9990242,612.99,582.49,0
273,273,378.95,599.96,462.475,619.99,584.6,0
274,274,378.93,597.2757664,462.3133333,617.8692053,585.794,0
275,275,378.9,599.9533333,461.65,624.99,599.465,0
276,276,378.82,600.2534804,462.9666667,619.995,603.274,0
277,277,378.69,599.8440474,460,620.4633629,591.21,0
278,278,378.63,599.83,462.475,621.0641007,591.6575,0
279,279,378.56,599.776875,467,619.3522784,589.98,0
280,280,378.55,599.9,464.95,618.5773183,584.9133333,0
281,281,378.555,599.8566587,464,616.8549652,586.536,0
282,282,378.495,599.8566433,455.984,622.0121264,594.98,0
283,283,378.5,594.414431,443.21,605.583134,587.475,0
284,284,378.46,599.9125,438.99,612.66,582.665,0
285,285,377.93,594.10125,436.5,601.95,582.9283333,0
286,286,378.5,589.9372727,440,601.95,584.138,0
287,287,387.49,590.3642857,444.235,608.6565944,590.63,0
288,288,389.99,592.9772536,441.525,610,587.342,0
289,289,386.6566667,592.445,435,611.9933333,579.05,0
290,290,384.21,588.665,452.62875,612.99,581.3828571,0
291,291,381.5257143,588.3166667,460.786,629.995,580.375,0
292,292,379.97,592.7614278,453,644.99,580.3383333,0
293,293,379.955,594.4275438,439.975,612.2365952,579.9085714,0
294,294,375.27,599.95,445.5166667,621.5,579.814,0
295,295,364.99,599.945,446.8966667,637.495,577.764,0
296,296,364.815,594.9575,445.5124617,639.995,579.505,0
297,297,364.49,590.34875,444.495,636.66,576.95,0
298,298,364.99,579.6533333,445.8075,622.66,575.97,0
299,299,374.99,595.070847,444.52,639.9925,578.2507568,0
300,300,369.99,569.99,456.735,609.99,575.2966667,0
301,301,369.99,561.5676568,455.3978402,614.99,576.62,0
302,302,369.99,526.4275444,459.83,599.99,572.475,0
303,303,369.99,539.98,459.995,619.99,572.1021963,0
304,304,372.44,526.6453495,441.0375,624.6633333,557.42,0
305,305,372.44,516.46,444.0142857,623,564.1,0
306,306,374.98,514,458.72,611.495,547.635,0
307,307,384.99,504.8546154,448.32,619.495,545.89,0
308,308,373.3233333,487.99,460.8733333,603.2475,553.19,0
309,309,374.99,486.4375,456.17,602,556,0
310,310,374.902,482.98125,467.1085714,605.23,548.4933333,0
311,311,374.99,482.1948276,468.594,610.5,556.47,0
312,312,374.7233333,462.8933333,435.946,605.5,538.99,0
313,313,373.5011111,462.5028571,430.075,607,531.588612,0
314,314,367.49,468.9366667,428.5371429,605.3633034,519.49,0
315,315,374.99,466.3990909,430.2833333,605.6777664,519.49,0
316,316,367.49,463.99,431.22,604.99,539.99,0
317,317,374.945,462.7,423.975,604.8233583,542.95,0
318,318,374.9,460.702,418.9875,602.99,528.5359607,0
319,319,374.99,459.99,418.5212735,604.99,527.1529172,0
320,320,374.9,459.4425,416.4075,604.2983197,521.47,0
321,321,374.548,452.321,409.8183333,602.99,521.47,0
322,322,373.2846667,454.9054545,402.5,600.99,528.9275,0
323,323,371.1822222,458.3266667,399.2058278,593,512.66,0
324,324,368.7766667,459.915,399.95,598,529.5,0
325,325,368.465,457.69,395.79,596,537.3066667,0
326,326,369.99,451.8625,390.9928571,588.8866667,535.99,0
327,327,364.99,456.9083333,388.4,579.252,519.98,0
328,328,364.455,460.855,390,582.9825,513.63,0
329,329,364.21,461.4433333,389,588,519.0630448,0
330,330,363.79,455.9366667,391.3744296,587.985,524.985,0
331,331,361.395,444.15,386,585.3066667,459.98,0
332,332,363.84,449.522,389.975,592.75,524.765,0
333,333,361.54,448.95,396,589.95,527.095,0
334,334,359.2075,447.95,399.9975,587.995,519.49,0
335,335,360.2533333,448.95,407.33,588.66,517.95,0
336,336,353.8,447.99,397.6,589.33,528.99,0
337,337,358.02,451.9475395,392.398,585.7475,532.73,0
338,338,358.5833333,451.2535311,392.8,586.22,463.98,0
339,339,363,450.9671429,403.698,584.44,527.3566667,0
340,340,357.6,451.3066667,397.49,580.315,510.69,0
341,341,356.4644444,452.2966667,394.745,576.88,517.3666667,0
342,342,361.6666667,451.1814286,394.245,573.495,488.8966667,0
343,343,364.9966667,447.194,384.9766667,580.495,487.9,0
344,344,363.596,450.4350045,382.9225,600.46,493.9,0
345,345,363.67,446.6842662,381.0545455,619.416,473.5175,0
346,346,364.5566667,448.374,379.4425,634.445,469.3133333,0
347,347,364.325,446.97,373,633.33,505.01,0
348,348,376.6616667,445.9366667,374.48,640,483.36,0
349,349,399,445.294,377.4875,619.98,504.89,0
350,350,398.66,445,376.985,603.6094224,499.675,0
351,351,395.77,443.29,371.2816667,584.49,497.465,0
352,352,383.065,444.522,369.95,594.72,480.6233333,0
353,353,363.79,444.47,369.764,598.495,485.3325,0
354,354,356.815,446.0352236,360.9375,606.995,477.3030195,0
355,355,366.315,445.465,359.4228571,604.99,482.056,0
356,356,349.99,447.4883333,358.162,602.98,481.194,0
357,357,359.19,443.4888727,357.7666667,594.99,465.19,0
358,358,411.66,448.725,352.8965761,594.9766667,455.195,0
359,359,402.495,448.995,352,598.2333333,454.8310775,0
360,360,384.5,446.995,355.9533333,616.0633333,470.24,0
361,361,397.8228571,448.81,352.9833333,606.495,457.31,0
362,362,411.8333333,447.1633333,353.465,599.95,451.89,0
363,363,383.325,444.456,352.49,595.65,460.345,0
364,364,386.24,440,356.2733333,593.9966667,449.278,0
365,365,377.49,436.7466667,353.126,600.6099217,463.07,0
366,366,377.99,434.495,345.2466667,595.995,466.42,0
367,367,369.49,432.6404164,339.1666667,593.6433333,468.515,0
368,368,370.3625,432.9736635,338.7733333,589.99,461.035,0
369,369,375.48,427.9225,337.1466667,584.2,447.5388889,0
370,370,388.3233333,424.99,337,589,471.1766667,0
371,371,389.97,413.99,337.322,564,459.98,0
372,372,389.97,414.99,335.7357143,561.975,471.49,0
373,373,384.29,407.2116701,338,557.3166667,426.99,0
374,374,384.2925,413.2191998,335.61125,563.225,0,0
375,375,385.98,409.71,328.3333333,563.0481929,0,0
376,376,387.49,405.66,327,562.4280813,0,0
377,377,380.904,406.5607205,330.66,562.0469515,0,0
378,378,372.9833333,405.48,327,560.6666667,0,0
379,379,374.97,403.2766667,325.7425,561.9,0,0
380,380,371.778,403.9991667,326.5685714,558.8230015,0,0
381,381,369.99,394.9625,323.5,552,0,0
382,382,359.19,399.9963576,323.5,550.61,0,0
383,383,361.89,394.43,324.6801819,549.055,0,0
384,384,367,405.0475089,326.889202,547.99,0,0
385,385,367.93,408.2991667,327.46,549,0,0
386,386,368.395,405.2507692,327.4866667,548,0,0
387,387,359.28,405.4525,330.105,551.05,0,0
388,388,358.925,408.8888889,330.2375,582.26,0,0
389,389,368.0583333,406.7446154,330.745,565.755,0,0
390,390,362.53,407.306,335.9766667,558.99,0,0
391,391,363.655,405.0716667,335.3266667,558.9599282,0,0
392,392,359.395,405.0977778,330.86,563.9596386,0,0
393,393,349.68,396.0461133,339.675,588.725,0,0
394,394,351.9642857,399,340.3714286,585.9383333,0,0
395,395,349.9928571,398.745,342.5375,556.99,0,0
396,396,351.994,396.3333333,337.2366667,562.6583333,0,0
397,397,347.49,395.5,349.97,565.6633333,0,0
398,398,350.9933333,394.6666667,338.27,561.5,0,0
399,399,352.495,391.7,346.5211111,578.0245564,0,0
400,400,354.53,391.735,343.748,582.5166667,0,0
401,401,352.395,393.99,347.965,585.45,0,0
402,402,352.495,394,340.6625,568.18,0,0
403,403,341.9925,393.9625,345.1975,593.785,0,0
404,404,347.715,392,345.975,554,0,0
405,405,347.4875,404.72,366.6533333,579,0,0
406,406,355,400.7286667,362.6433333,578,0,0
407,407,349.99,405.2128571,346.4775,583.63,0,0
408,408,352.3366667,407.2075,344.475,558.99,0,0
409,409,335.704,419.5542857,345.9466667,558.95,0,0
410,410,314.27,421.1657143,345.47,571.99,0,0
411,411,341.99,411.2681818,346.7275,569.495,0,0
412,412,345.5285714,417.1014286,348.475,570.2751521,0,0
413,413,353.7533333,417.194,348.4433333,579.825,0,0
414,414,355.2642857,424.99,367.582,572.3266667,0,0
415,415,358.7666667,428.99,364.6283333,581.33,0,0
416,416,332.1733333,416.0666667,343.838,565.1435063,0,0
417,417,365.3233333,427.8471429,359.532,582.91,0,0
418,418,342.99,427.4916667,376.156,582.49,0,0
419,419,323.995,427.4185714,376.3155556,585.1,0,0
420,420,314.99,430.112,370.316,581.6545664,0,0
421,421,324.49,423.538,368.5385714,577.95,0,0
422,422,314.495,421.558,365.7133333,577.2455539,0,0
423,423,322.7325,421.6833333,360.96,577.2833333,0,0
424,424,323.24,428.446,365.235,576.45,0,0
425,425,318.19,430.536875,360.262,583.788,0,0
426,426,310,446.3255556,358.57125,581.995,0,0
427,427,308.796,433.45625,353.66,591.1583333,0,0
428,428,309.785,444.425,361.74,578.875,0,0
429,429,309.4925,451.99,354.5145455,583.9633333,0,0
430,430,309,461.65,351.134,575.95,0,0
431,431,302.192,459.2728571,344.7025,575.95,0,0
432,432,296.6566667,449.86125,344.2285714,574.45,0,0
433,433,314.7425,438.586,351.8533333,579.1784336,0,0
434,434,309.495,446.5466667,352.4875,573.2833333,0,0
435,435,315.28,448.2252941,350.995,573.45,0,0
436,436,338.248,447.0676923,338.9698263,576.975,0,0
437,437,365.68125,454.6328571,343.6307935,579.182,0,0
438,438,358.3166667,463.7566667,344.98,589.99,0,0
439,439,346.19,454.9108333,342.4466667,585.15,0,0
440,440,360.475,476.1061538,342.945,586.079036,0,0
441,441,370.9833333,460.54125,343.736975,583.7783105,0,0
442,442,308.4575,468.2275,342.915,573.93,0,0
443,443,318.9625,435.5833333,338.79,572.7420825,0,0
444,444,329.99,461.1237022,337.505,571.96,0,0
445,445,311.745,459.9828571,336.4776923,569,0,0
446,446,287.9466667,457.4916667,335.5966667,563.6633333,0,0
447,447,336.3266667,459.84,335.97,565,0,0
448,448,324.369,458.3707143,338.9866667,581.8907967,0,0
449,449,316.91125,462,338.18,564.085,0,0
450,450,322.7422222,465.9871429,333.4875,573.99,0,0
451,451,312.08875,455.99,332.99,565,0,0
452,452,328.3225,458.286,334,607,0,0
453,453,291.43,467.97,334.2,649,0,0
454,454,321.716,453.995,330,568.9766667,0,0
455,455,307.6036364,460.245,332.5,577.65,0,0
456,456,302.6314286,476.8558302,326.95,558.495,0,0
457,457,305.695,471.995,335,556.5,0,0
458,458,305.389,484.79,334.6333333,555,0,0
459,459,299.4716667,473.7422222,334,580.8222231,0,0
460,460,299.325,471.34875,334.6,550.7476888,0,0
461,461,305.4383333,488.994,334.5,556.6666667,0,0
462,462,305.16,466.99,366,559.24,0,0
463,463,302.644,467.2151421,367.65,558,0,0
464,464,309.158,472.49,377.572,554.735,0,0
465,465,303.1753846,462,379.99,544.9289515,0,0
466,466,304.695,467,396.9273705,534.495,0,0
467,467,297.14,461.998,408.2033333,534.1110551,0,0
468,468,304.8,464.8457143,398.16,535.8509127,0,0
469,469,297.4128571,463.3266667,420.95,534.1152567,0,0
470,470,296.8485714,465.796,413.876,534.4314937,0,0
471,471,291.525,457.3451047,371.48,538.6366667,0,0
472,472,285.505,464.44,396.3516605,542.2542857,0,0
473,473,291.0075,459,385.3036008,527.99,0,0
474,474,292.762,449.33,357.495,527.5281927,0,0
475,475,296.48,448.355,367.0587235,521.39429,0,0
476,476,296.48,448.6231746,370.1633333,528.6621315,0,0
477,477,291.15125,448.3641093,366.174,519.8785714,0,0
478,478,288.2692857,439,370.2666667,512.2175,0,0
479,479,288.3133333,424,363.49,508.4142857,0,0
480,480,285,429.5,367.995,499.97,0,0
481,481,287.994,441.995,376.71,504.6393608,0,0
482,482,287.394,449,373.2,498.495,0,0
483,483,285.26,442.3831918,372.1681818,499.8893378,0,0
484,484,282.39,441.5662308,376.13,500.6991954,0,0
485,485,285,440.6582804,365.974,496.99,0,0
486,486,284.158,463.0543484,340,498,0,0
487,487,284.1633333,447.6571187,354.6553538,502.5628571,0,0
488,488,282.25,450,358,504.3,0,0
489,489,282.886,457.0570314,352.495,504.475,0,0
490,490,282.992,457.6170015,352.8985714,504,0,0
491,491,280.992,440,351.8727273,507.95,0,0
492,492,276.66,465.9240551,354.775,507.955,0,0
493,493,279.786,489.995,353.5,508.44,0,0
494,494,283.178,462.5,358.7574693,511.28,0,0
495,495,284.25,467.5,357.66,511.195,0,0
496,496,274.6166667,466.16,359.475,519.94,0,0
497,497,279.63,464.495,363.3166667,515.9057143,0,0
498,498,268.05,516,361.495,516.328,0,0
499,499,258.9957143,486.55,357.5,515.8914286,0,0
500,500,257.81,468.385,359.95,505.99,0,0
501,501,259.1457143,455.0883333,362.9966667,505.3133333,0,0
502,502,259.0816667,454.495,357.778,513.2785714,0,0
503,503,257.9866667,456.995,352.9866667,514.49,0,0
504,504,253.66,467.252372,352.33,521.3166667,0,0
505,505,256.3233333,469.41875,356,515.3266667,0,0
506,506,249.66,473.8416667,357,519.225,0,0
507,507,244.49,476.575,363.2302193,507.6466667,0,0
508,508,235,461.7666667,358.811174,513.95,0,0
509,509,246.7,468.2514286,368.45,506.96,0,0
510,510,239.9275,470,362.2866667,508.584,0,0
511,511,240.667,469.1404797,356,497,0,0
512,512,238.295,464.1425,359.965,518.74,0,0
513,513,237.4444444,464.4975,358.8899638,517.3233333,0,0
514,514,236.37,474,359.6628495,504.9966667,0,0
515,515,238.99,465.9435192,356,518.996,0,0
516,516,237.7711111,465,359.86,518.9933333,0,0
517,517,237.696,467.99,358,518.2425,0,0
518,518,236.3638095,468.6666667,359.86,516.28,0,0
519,519,235.376,463,359.49,503.6042857,0,0
520,520,232.6816667,461.4,359,517.9933333,0,0
521,521,232.34,461.3233333,357.975,511.944,0,0
522,522,232.22,461.99,355.975,493.568,0,0
523,523,234.855,463.5950267,358.9066667,516.98,0,0
524,524,232.275,461.49,361.895,507.786,0,0
525,525,236.8727273,462.5495502,358.5733333,511.6466667,0,0
526,526,234.1928571,468.1175,358.0983268,505.985,0,0
527,527,232.34,463.57,357.93,521.4875,0,0
528,528,232.34,454.9966667,358.86,526.906,0,0
529,529,235.07875,464.99,359.86,506.495,0,0
530,530,232.272,459.6578916,360.0551654,512.1466667,0,0
531,531,232.4375,458.675523,354.6933333,502.39,0,0
532,532,233,460,358.4249032,507.194,0,0
533,533,232.61,453.5,360.7869518,505.99,0,0
534,534,234.86,446.7033333,371.748,499.9975,0,0
535,535,233,446.4775,361.93,498.995,0,0
536,536,232.5,442,354.86,489.596,0,0
537,537,225,444.4538432,357.205639,497.8359109,0,0
538,538,222.495,444.6666667,362.2208037,495.8739296,0,0
539,539,230.3333333,446.2951043,361.2040111,496.7083965,0,0
540,540,239.9833333,444,362.9869908,496.2302457,0,0
541,541,286.7735714,444.1633333,365.2722891,486.22,0,0
542,542,260.28,440.49,363.42,482.308699,0,0
543,543,281.7407692,439.39,365.79,483.3337561,0,0
544,544,264.9714286,438.4633333,364.574,482.7461407,0,0
545,545,268.324,438.695,382.0233333,482.3290211,0,0
546,546,267.3525,435.0383333,383.4414286,482.2070651,0,0
547,547,267.95,430.34,374.93,484,0,0
548,548,257.9833333,427.6214286,374.7425,483.99,0,0
549,549,267.485,431.4448226,375.9422222,483.8428571,0,0
550,550,270,428.85,373.9633333,477.8,0,0
551,551,269.5775,429.42,356.1325,478.8542857,0,0
552,552,274.69625,426.6187797,363.588,480.33,0,0
553,553,284.23,428.495,365.72,481.4928571,0,0
554,554,269.95,427.495,369.81,481.4,0,0
555,555,273.74,427.495,368.495,481.995,0,0
556,556,272.698,425,368,478.9925,0,0
557,557,287.495,429.49,361.29,474.3226492,0,0
558,558,274.3483333,429.29,359.722,467.97,0,0
559,559,282.81,425,370.31,467.95,0,0
560,560,297.4254545,418.246,371.814,462.3,0,0
561,561,319.384,412.24,373.74375,459.6333333,0,0
562,562,288.3,411.995,354.86,459.552,0,0
563,563,308.37,411.485,364.5371948,458.3033333,0,0
564,564,296.9877778,409.985,348.055,454.06,0,0
565,565,282.3811111,409.85,349.86,457.875,0,0
566,566,270.7942857,408,352.9965237,455.8166667,0,0
567,567,286.995,410.1106394,356.7215193,458,0,0
568,568,290.592,409,363.1033333,458.072,0,0
569,569,290.9616667,408.49,359.9757143,451.782,0,0
570,570,286.6191667,408.29,363.9675,441.3166667,0,0
571,571,273.039375,407.2735939,362.375,429.95,0,0
572,572,274.4644444,408,359.1766667,427.4985714,0,0
573,573,273.077,406.995,353.615,437.8406003,0,0
574,574,270,406.8116394,355.16,430.4781232,0,0
575,575,281.6333333,404.245,357.19,428.1774617,0,0
576,576,274.09625,404,345.6,435.7575585,0,0
577,577,278.5771429,404.64,354.8883333,435.33,0,0
578,578,277.5671429,404.9097726,362.965,432.6483333,0,0
579,579,280.7191304,405.66,362.62,426.4222222,0,0
580,580,287.976,405.3741739,359.999791,416.3181962,0,0
581,581,287.95,405.475,359.99,414.97,0,0
582,582,279.8266667,400,354.955,416.0533333,0,0
583,583,257.9933333,405.495,353.7877778,422.95,0,0
584,584,256.5825,405,354.224,430.634,0,0
585,585,260.4242857,404.5,352.802,422.3,0,0
586,586,264.12,404.4166667,353.9466667,429.784,0,0
587,587,262.445,401.49,354.192,430.9833333,0,0
588,588,270.094,398.13,350.9144444,434,0,0
589,589,277.982,398.875,342.2707692,434.5133333,0,0
590,590,279.6558333,398.975,334.35375,432.0666667,0,0
591,591,277.7777778,395.3943997,331.8575,440.55,0,0
592,592,282.9014286,398.95,330.4183333,434.2475,0,0
593,593,280.0525,394.5566667,328.0883333,436.985,0,0
594,594,267.6466667,393.3575,323,438,0,0
595,595,266.985,393.99,334.9516667,440.975,0,0
596,596,274.99,393.29,329.1845455,434.9859087,0,0
597,597,273.695,389.795,332.2057143,429.6466667,0,0
598,598,267.955,391.8002326,329.99,430.6191667,0,0
599,599,273.8463636,394.3175,345.33,426.6533333,0,0
600,600,269.421875,396.8583333,350.3282255,419.893,0,0
601,601,259.745,395.6828571,352.6777627,418.6433333,0,0
602,602,258.85,399.8333333,352.9121548,419.8675,0,0
603,603,259.9916667,398.5,352.86,427.2833333,0,0
604,604,259.475,408.18,353.265,422.8767978,0,0
605,605,266.6633333,400.525,352.67,419.125,0,0
606,606,267.485,402.725,352.4542857,421.398,0,0
607,607,272.2085714,402.7071429,352.655,414.2125,0,0
608,608,272.3607692,402.268,353.735,417.1758311,0,0
609,609,267.91,398.14,353.816,414.98,0,0
610,610,267.91,401.977881,352.04,424,0,0
611,611,265,390.47,349.6433333,413.766,0,0
612,612,262.8983333,395.2425,341.8455388,407.7833333,0,0
613,613,262.495,392.584,345.2643595,415.5733333,0,0
614,614,263.6666667,394.25,340,411.543095,0,0
615,615,264.97,403.8083333,338.995,409.99,0,0
616,616,264.525,408.8966667,339.5,415.83,0,0
617,617,263.0566667,407.725,343.4825386,406.4525,0,0
618,618,262.5,407.3183333,344.5,404.9625,0,0
619,619,270,400.798,345.6133333,402.945,0,0
620,620,269.995,405.794,345.6133333,400.99,0,0
621,621,276.975,407.99,345,401.99,0,0
622,622,279.3266667,408.33,348.5,402,0,0
623,623,271.08875,407.9649242,345.5484007,399.4603863,0,0
624,624,274.4975,411.2125,346,399.99,0,0
625,625,271.592,407.4816667,345.4719492,398.165,0,0
626,626,273.2866667,407,345,394.98,0,0
627,627,276.965,398.8485714,342.995,398.97,0,0
628,628,276.0985714,404.1225,344.96,397.3166667,0,0
629,629,274.59125,402.196,344.2307692,397.88,0,0
630,630,277.2277778,404.83,345.4975,399.8875,0,0
631,631,273.51,404.33,344.99,398.36,0,0
632,632,267.495,399.168,339.0175,397.0955834,0,0
633,633,274.49,412.495,346.245,397.7829244,0,0
634,634,276.33,402.7175,342.831,398.7082735,0,0
635,635,271.698,406.776,339.69,396.9964917,0,0
636,636,274.0514286,401.962,339.995,395.9935472,0,0
637,637,274.3333333,403.23,340.49,395.9949694,0,0
638,638,272.3990909,401.95,339.985,395.38,0,0
639,639,274.615,395.65,339.475,395.43,0,0
640,640,264.6466667,401.2742857,335.3885115,389.5201933,0,0
641,641,276.4875,400.6271429,338.6333333,392.6394857,0,0
642,642,274.166,398.7457143,334.99,387.86,0,0
643,643,275.485,393.5,339.5476984,409.19,0,0
644,644,274.215,389.75,334.49,387.86,0,0
645,645,269.5,397.745,331.99,386.86,0,0
646,646,270.4975,400.45,334.235,386.2466667,0,0
647,647,271.495,398.9085714,339.2990959,402.675,0,0
648,648,269.9016667,387.7,341.3033333,419.13,0,0
649,649,268.99,381.45,340.745,377.86,0,0
650,650,268.6566667,372.475,340.186,383.63,0,0
651,651,264.595,378.16,338.981,389.0817413,0,0
652,652,263.2514286,373.225,332.975,383.1386114,0,0
653,653,265.4511111,376.8325,333.7275,390.109909,0,0
654,654,264.79,373.80625,331.4725,383.1962358,0,0
655,655,263.24,366.8,334.99,387.4277257,0,0
656,656,263.49,367.6554545,335,387.388879,0,0
657,657,267,362.708,336.985,388.2478623,0,0
658,658,265.995,358.3,334.90125,388.92,0,0
659,659,265.995,363,329,388.5217666,0,0
660,660,262.0533333,357.4875,325.1666667,387.0921005,0,0
661,661,261.1,360.0583333,318.99,386.275963,0,0
662,662,267,356.9916667,326.9394605,390.315,0,0
663,663,266.4633333,351.6466667,317.5890828,384.742716,0,0
664,664,259.985,355,318.4733333,382.9028414,0,0
665,665,266,352.676,317.89,382.0814446,0,0
666,666,270.99,351,316.2157143,376.425,0,0
667,667,264.9966667,345,315.845,383.2043545,0,0
668,668,264.49,340.3,315.85,377.86,0,0
669,669,265,341.0725,314.5666667,384.6259021,0,0
670,670,273,339,313.475,403.542,0,0
671,671,270.995,336,309.36,397.74,0,0
672,672,247.49,321.3093371,298.6103862,376.99,0,0
673,673,239.3066667,327.475,314.1407692,398.93,0,0
674,674,262.495,329.5388889,305.9866667,419.95,0,0
675,675,258.995,320,308,415.7225,0,0
676,676,244.4975,321.2228327,299.97,396.8583986,0,0
677,677,247.9966667,321.97,297.99,403.5623986,0,0
678,678,245,321.075,297.3362989,418.7212762,0,0
679,679,247,320.64,294.3183238,418.6437069,0,0
680,680,242.5,310.09,297.8033333,398.96,0,0
681,681,245,316.775,293.4985714,420,0,0
682,682,246,320.75,292.2,417.99,0,0
683,683,248,319.53,291.148,418.3166667,0,0
684,684,248.5,322,293.186,413,0,0
685,685,248.99,312.3028571,296.6641667,411.7630632,0,0
686,686,248.835,313.7966667,291.75,417.4942462,0,0
687,687,248.245,308.7575,290.7614286,414.9975,0,0
688,688,248.495,303.475,285.925,418.9975,0,0
689,689,246.9966667,305.275,279.9481818,413.2996553,0,0
690,690,248.3266667,301.198,259.41,413.196,0,0
691,691,247,299.9533333,277.472,415.495,0,0
692,692,245.88,302.2866667,277.68875,407.2333333,0,0
693,693,247.058,305.93,290.5286667,415.2025,0,0
694,694,252.4,305.75,286.2683333,414.6566667,0,0
695,695,241.08,300.8442857,284.0169231,398.96,0,0
696,696,239.5,299.719,284.26625,382.86,0,0
697,697,248.83,301.545,284.415,400.6692213,0,0
698,698,251.02,299.8666667,280.6566667,396.4573617,0,0
699,699,250.805,298.6629416,283.965,394.345,0,0
700,700,247.08,293.745,282.79,395.43,0,0
701,701,245.4933333,295.5,280.81875,397.0106129,0,0
702,702,249.73,294.1666667,278.42,401.3533333,0,0
703,703,249,294.5,274.99,391.7517729,0,0
704,704,253.98,299.4345455,277.1920706,398.8236782,0,0
705,705,256.5,295,277.71,404.37,0,0
706,706,251.224,298,277.2725,399.614,0,0
707,707,252.24625,294.5,276.46,391.1,0,0
708,708,249.64,294.7272727,272.665,377.86,0,0
709,709,247.3333333,289.75,273.52,395.6543732,0,0
710,710,246.596,291.165,273.8425,402.81,0,0
711,711,252.7475,291.8154545,273.1775,389.81102,0,0
712,712,257.645,296.4436364,274.4755556,387.06,0,0
713,713,246.49,298.495,273.492,377.86,0,0
714,714,248.2814286,298.4225,274.3,378.5352034,0,0
715,715,242.7966667,302.1477778,273.9485714,372.86,0,0
716,716,240.3925,302.275,274.99,379.9929554,0,0
717,717,250.675,298.2128571,276.95,383.91,0,0
718,718,238.36,304,274.95,386.5474851,0,0
719,719,250.6633333,305.7,275.664,378.6356218,0,0
720,720,238.97,298.59,271.915,398,0,0
721,721,236.592,297,266.7775,372.86,0,0
722,722,232.495,301.8625,268.005,392.9366667,0,0
723,723,230.176,298.05625,267.6575,391.534,0,0
724,724,233.6466667,294.75,264.17,384.5686645,0,0
725,725,243.825,299.625,267.562,408.2966667,0,0
726,726,236.78,304.99,267.8,397.995,0,0
727,727,242.596,374.98,264.39,406.99,0,0
728,728,241.916,356.3545455,264.62,394.964,0,0
729,729,243.7688889,354.045,262.84,407.6466667,0,0
730,730,245.4975,355.376,262.43,408.47,0,0
731,731,246.49,344.15,261.6545011,407.5483987,0,0
732,732,241.6666667,341.5285714,261.905,406.4294717,0,0
733,733,244.745,340.95,261.95,407.995,0,0
734,734,245.9933333,340.46,261.1,406.9933333,0,0
735,735,247.796,337.95,257.945,407.6133333,0,0
736,736,248.59,333.76,259.8018865,406.986,0,0
737,737,243.348,336.565,260.2936061,401.495,0,0
738,738,244,332.7125,254.6058969,396.2425,0,0
739,739,243.68,324.975,253.6464869,401.66,0,0
740,740,245.844,329.9382983,257.84,393.3333333,0,0
741,741,248.38125,323.4600685,256.9883333,387.465,0,0
742,742,245,326.6928571,252.4832936,386.4575,0,0
743,743,245.456,328,250.855,388.378,0,0
744,744,243.95,327.95,250.934,388.9633333,0,0
745,745,243.975,312,251.385,387.9933333,0,0
746,746,244.7475,324.5835421,257.04,377.86,0,0
747,747,243.5,322.5374422,252.86,385.5833333,0,0
748,748,244.504,324.6097209,251.895,395.625,0,0
749,749,245.488,331.45,249.95,387.855,0,0
750,750,246.86,322.94,249.89,390.1142749,0,0
751,751,248.98,324.358,249.1794653,387.3628159,0,0
752,752,248.98,324.0804026,247.74,385.5844517,0,0
753,753,267.96,323.4866667,248.425,405.805,0,0
754,754,248.9733333,324.49,251.93,387.16,0,0
755,755,243.27,334.2883815,249.9466667,380.24,0,0
756,756,246.4,331.475,250.885,378.2587201,0,0
757,757,242.36,337.4033333,251.43,380.7736216,0,0
758,758,245.562,332.6333333,250.2045485,377.43,0,0
759,759,253.6428571,342.4355556,249.27,376,0,0
760,760,253.9866667,338.9283333,250.405,376.4934807,0,0
761,761,247.1311111,327.735,249.055,376.8825,0,0
762,762,248.2133333,324.95,247.76,377.86,0,0
763,763,246.4928571,327.2360659,246.7625,377.4482975,0,0
764,764,257.8733333,329.99,243.86,378.93,0,0
765,765,252.32,338.0171429,247.9544782,375.55,0,0
766,766,254.144,343.42125,248.6482644,378.93,0,0
767,767,252.166,337.598,246.605,376.4704085,0,0
768,768,248.588,331.475,247.4688012,376.86,0,0
769,769,245.84,326.63,247.7823675,383.375,0,0
770,770,242.9866667,324.79,243.4261216,377.86,0,0
771,771,233.9933333,325.58,238.86,380.025,0,0
772,772,236.9966667,324.475,238.86,385.4645449,0,0
773,773,239.4875,320.27,248.17,377.86,0,0
774,774,237,321.771,242.5533333,379.485,0,0
775,775,236,322.0694962,234.2833333,403.5733333,0,0
776,776,235.495,317.22,232.0225,376.86,0,0
777,777,234.475,314.99,233.4166667,376.76,0,0
778,778,231.63,313.3566667,237.906,379.835,0,0
779,779,231.475,311.6075,238.4886744,388.36,0,0
780,780,232.74,310.97,226.43,368.86,0,0
781,781,236.11,318.7703009,252.475,369.86,0,0
782,782,235.942,316.3344806,244.9666667,372.7402527,0,0
783,783,237.1888889,319.3989124,229,396.17,0,0
784,784,238.306,317.0172784,242.5030673,365.1933333,0,0
785,785,235.61,316.63,240.43553,378.6655325,0,0
786,786,233.97,322.21,228.93,381.6753354,0,0
787,787,231.65,321.478,232.1298557,377.5600855,0,0
788,788,228.4716667,324.72,232.528339,371.7768072,0,0
789,789,224.435,326.7104644,237.2312845,370.8041839,0,0
790,790,223.57,323.8133333,235.9172836,371.2899522,0,0
791,791,223.75,330.2316667,236.56,370.4460485,0,0
792,792,223.24,328.4075,235.1379057,369.865,0,0
793,793,221.156,338.1271429,242.3833333,379.998581,0,0
794,794,222.005,329.4,234.7081648,360.92,0,0
795,795,222.792,326.9833333,233.01,369.2395079,0,0
796,796,223.225,331,235,371.2940683,0,0
797,797,222.7333333,329.975,239.55,387.725,0,0
798,798,220.78,328.2933333,245.2033333,378.1181258,0,0
799,799,223.2,331.285,244.4825,390.2366667,0,0
800,800,223.29,325.3875,249.995,386.8975,0,0
801,801,221.9166667,329.12,243.79,379.7125,0,0
802,802,220.99,320.2975,249.47,374.26,0,0
803,803,217.896,321.4133333,256.374,356.86,0,0
804,804,213.535,321.97,254.7425,391.7483333,0,0
805,805,211.08,324.6483333,264.8666667,356.86,0,0
806,806,209.556,325.9666667,260.494,365.8918011,0,0
807,807,209.3575,332.97,263.7516667,355.93,0,0
808,808,207.7066667,349.95,250.7833333,358.4066667,0,0
809,809,201.6533333,335,252.6533333,370.905,0,0
810,810,203.3185714,338.42,261.97,355.95,0,0
811,811,198.93,356.586,262.7025,356.8216127,0,0
812,812,196.65,357.75,263.7883333,356.8722894,0,0
813,813,193.8542857,359,259.99,356.8529855,0,0
814,814,189.5677778,425.9833333,263.722,355.93,0,0
815,815,187.6633333,394.735,268.334,356.5310932,0,0
816,816,182,387.588,269.495,356.7139209,0,0
817,817,181.99,372.3,258.1418633,357.5446519,0,0
818,818,181.97,359,267.2425,357.5325341,0,0
819,819,185.9975,343.2966667,267.8228571,351.2263828,0,0
820,820,185.4828571,344.6633333,265.6583333,351.2951996,0,0
821,821,187.4357143,349.6633333,267.9033333,355.9533333,0,0
822,822,182.125,372.98,257.2066667,356.86,0,0
823,823,181.8514286,350.295,261.4788341,353.2808884,0,0
824,824,181.99,359.594,275.338,353.0935037,0,0
825,825,180.92,357.1257143,264.85,356.43,0,0
826,826,178.9975,358.5,258.9985714,360.9,0,0
827,827,179.311,366,252.118,356.76,0,0
828,828,183.314,352.495,263.9078639,348.204,0,0
829,829,179.9185714,347.9875,251.0966667,356.3,0,0
830,830,179.985,339.915,260.445,343.86,0,0
831,831,181,337.515,264.7033333,342.1604401,0,0
832,832,183.7766667,343.9833333,262.61,343.5987546,0,0
833,833,179.892,338.9933333,264.80875,341.2324238,0,0
834,834,178.8709091,333.225,264.4933333,337.9533333,0,0
835,835,181.5857143,329.94,258.71,346.455,0,0
836,836,180.5485714,332.225,246.93,343.9772296,0,0
837,837,180.1285714,329.95,261.33,344.614819,0,0
838,838,179,332.9633333,256.955,341.925,0,0
839,839,179.9833333,331.119,265.9233333,342.9448109,0,0
840,840,179.7433333,327.99,265.225,344.49,0,0
841,841,178.1633333,329,262.94,0,0,0
842,842,178.198,323.33,262.3133333,0,0,0
843,843,178.354,321.4466667,264.95,0,0,0
844,844,178.75,323.3833333,263.975,0,0,0
845,845,177.1666667,325.9134336,251.5966667,0,0,0
846,846,176.95,325.6960381,238.485,0,0,0
847,847,177.496,329.5672088,230.49,0,0,0
848,848,173.5,324.7772735,241.908,0,0,0
849,849,174.4266667,323.975,244.734,0,0,0
850,850,172.996,328.2437932,251.73,0,0,0
851,851,175.3525,321.99,262.94,0,0,0
852,852,175.8871429,321.9666667,252.255,0,0,0
853,853,176.5138462,321.6666667,262.0314286,0,0,0
854,854,175.7742857,325.65,260.0975,0,0,0
855,855,174.0566667,329.99,260.66,0,0,0
856,856,174.6855556,329.4533333,261.1033333,0,0,0
857,857,176.2533333,344.57625,261.62,0,0,0
858,858,175.9771429,350.7175,255.9666667,0,0,0
859,859,174.89,349.864,254.59,0,0,0
860,860,175.2125,347,253.4766667,0,0,0
861,861,175.4766667,362.84,258.6025,0,0,0
862,862,175.1,352.0233333,255.3033333,0,0,0
863,863,179.158,360.995,259,0,0,0
864,864,178.6954545,345.2433333,258.3266667,0,0,0
865,865,180.9483333,334.8725,241.6166667,0,0,0
866,866,180.064,329.99,250.87,0,0,0
867,867,181.0233333,329.495,250.56,0,0,0
868,868,182.7966667,343.905,257.0210956,0,0,0
869,869,180.94,331.3,249.96,0,0,0
870,870,183.45,332.975,256.426,0,0,0
871,871,181.92,336.965,256.2742857,0,0,0
872,872,180.5677778,337.3185714,256.028,0,0,0
873,873,174.7118182,336,251.3233333,0,0,0
874,874,176.0266667,335.495,250.17,0,0,0
875,875,175.3922222,338.95,248.172,0,0,0
876,876,175.2566667,336.3233333,249.8709995,0,0,0
877,877,171.2085714,336,246.5702243,0,0,0
878,878,171.245,334.98,248.6533333,0,0,0
879,879,171.194,332.97,245.88,0,0,0
880,880,173.8266667,335.95,241.522,0,0,0
881,881,173.6566667,334.99,239.5415385,0,0,0
882,882,176.95,333.65,242.86,0,0,0
883,883,176,330.9,244.798,0,0,0
884,884,175.8016667,331.6557294,245,0,0,0
885,885,176.158,332.090727,242.98,0,0,0
886,886,176.475,332,241.972,0,0,0
887,887,177.31,332.192625,241.965,0,0,0
888,888,177.3325,333.63,245.392,0,0,0
889,889,178.6925,332.8335373,245.1,0,0,0
890,890,187.3685714,332.6666667,241.6566667,0,0,0
891,891,188.9057143,334,238.98,0,0,0
892,892,184.6283333,332.5,239.23,0,0,0
893,893,181.42875,332.6466667,239.22,0,0,0
894,894,175.5885714,333.7375,236.3625,0,0,0
895,895,171,332.6166667,239.9806866,0,0,0
896,896,179.198,333.6064228,240.7964029,0,0,0
897,897,180.33,332,241.696,0,0,0
898,898,182.5,334.7383789,240.125,0,0,0
899,899,179.8018182,337.6466667,239.4738306,0,0,0
900,900,180.46,335.168,241.6633333,0,0,0
901,901,182.625,336.4335687,237.5,0,0,0
902,902,182.4716667,336.38,235.34625,0,0,0
903,903,177.4316667,335.7694085,230.3577778,0,0,0
904,904,175,334.8672823,233.7977778,0,0,0
905,905,174.8857143,334.6333333,233.81,0,0,0
906,906,179.975,335.4062852,234.36125,0,0,0
907,907,182.245,335.2,231.4511111,0,0,0
908,908,183.388,339.99,227.482,0,0,0
909,909,184.905,332.03,228.328,0,0,0
910,910,185.3333333,337.2995877,244.295,0,0,0
911,911,191.54875,339.1509228,247,0,0,0
912,912,193.1055556,339.2550332,246.4975,0,0,0
913,913,188.9116667,338.9948102,246.99,0,0,0
914,914,199,339.3435165,247.995,0,0,0
915,915,196,340.61,248.9966667,0,0,0
916,916,192.5366667,339.9838381,238.6471429,0,0,0
917,917,194.879,338.4172599,232.969,0,0,0
918,918,192.418,334.9666667,225.58,0,0,0
919,919,190.975,336.9612678,240.5175,0,0,0
920,920,197.584,338.9566667,238.1666667,0,0,0
921,921,199.768,340.92,235.98625,0,0,0
922,922,199,337.058,246.452,0,0,0
923,923,240.04,333.549,247.5114286,0,0,0
924,924,193.4625,338.18,246.85125,0,0,0
925,925,197.46625,333.96,244.518,0,0,0
926,926,193.47,333.28,244.93,0,0,0
927,927,194.55,336.1975,244.98,0,0,0
928,928,195.175,334.1176235,244.99,0,0,0
929,929,193.96,328.625,248.45,0,0,0
930,930,194.4575,329.1883333,241.574,0,0,0
931,931,194.6557143,333.845,241.0433333,0,0,0
932,932,190.5,330.47,224,0,0,0
933,933,192.8333333,330.47,238.6514286,0,0,0
934,934,193.98,328.9597766,246.21,0,0,0
935,935,192.495,327,244.3133333,0,0,0
936,936,195.6183333,329.9320757,242.33,0,0,0
937,937,192.6569231,330.9833333,238.738,0,0,0
938,938,192.18625,331.75,231.9871429,0,0,0
939,939,194.9783333,331.975,240.1666667,0,0,0
940,940,195.475,331.7125,238.708,0,0,0
941,941,195.6933333,327.384,238.1155897,0,0,0
942,942,204.735,332.95,238.625,0,0,0
943,943,201.2122222,330.9772023,241.96,0,0,0
944,944,192.934,327.38,235.92,0,0,0
945,945,189.2233333,331.905,236.3033333,0,0,0
946,946,191.022,327.5042857,234.95,0,0,0
947,947,189,327.4525,234.6233333,0,0,0
948,948,189.5325,331.0225,234.465,0,0,0
949,949,196.76,330.45,234.6875,0,0,0
950,950,191.5375,331.75,236.465,0,0,0
951,951,190.568,333,229.92,0,0,0
952,952,192.5466667,331.5775,229.2157143,0,0,0
953,953,191.44,329.19,229.53375,0,0,0
954,954,191.9214286,326.36,228.0616667,0,0,0
955,955,192.5,325.9366667,227.2933333,0,0,0
956,956,191.988,326.9633333,227.045,0,0,0
957,957,190.705,326.2247262,226.973,0,0,0
958,958,187.5,327.95,224.0033333,0,0,0
959,959,191.485,325.475,227.2075,0,0,0
960,960,190.0766667,327,228.0983333,0,0,0
961,961,190.272,326.18,227.9733333,0,0,0
962,962,188.04,324.825,228.744,0,0,0
963,963,190,323.0822222,238.99,0,0,0
964,964,189.1675,324,0,0,0,0
965,965,189.475,323.8266667,0,0,0,0
966,966,186.9575,324.27,0,0,0,0
967,967,186.95,323.3166667,0,0,0,0
968,968,187,322.186,0,0,0,0
969,969,188.975,323.95,0,0,0,0
970,970,187.6166667,323.4762381,0,0,0,0
971,971,186.7066667,323.93,0,0,0,0
972,972,184.425,324.2333333,0,0,0,0
973,973,185.92,323.95,0,0,0,0
974,974,189,320.0342857,0,0,0,0
975,975,186.075,317.95,0,0,0,0
976,976,186.932,319.7911977,0,0,0,0
977,977,184.24,321.2535016,0,0,0,0
978,978,188.384,315.8199092,0,0,0,0
979,979,188.995,315,0,0,0,0
980,980,189.37,316.975,0,0,0,0
981,981,190.386,316.475,0,0,0,0
982,982,190.8122222,316.5799784,0,0,0,0
983,983,189.5,316.475,0,0,0,0
984,984,189.398,316.3963155,0,0,0,0
985,985,190.985,316.3529642,0,0,0,0
986,986,187.16,315.5186497,0,0,0,0
987,987,187,316,0,0,0,0
988,988,186.94,314.1108833,0,0,0,0
989,989,186.845,313.3266667,0,0,0,0
990,990,186.995,311.9,0,0,0,0
991,991,186.995,311.7083333,0,0,0,0
992,992,186.745,311.6955556,0,0,0,0
993,993,184.5,311.01625,0,0,0,0
994,994,186.3233333,306.3266667,0,0,0,0
995,995,187,304,0,0,0,0
996,996,194.1483333,302.8622325,0,0,0,0
997,997,190.9985714,303.435,0,0,0,0
998,998,192.4775,302.87,0,0,0,0
999,999,187,302.94,0,0,0,0
1000,1000,189.99,301.845,0,0,0,0
1001,1001,197.388,301.85,0,0,0,0
1002,1002,195.1866667,301.9325,0,0,0,0
1003,1003,191.98,301.95,0,0,0,0
1004,1004,182.695,299.93,0,0,0,0
1005,1005,199.9766667,296.62,0,0,0,0
1006,1006,199.495,301.3166667,0,0,0,0
1007,1007,194.99,300.1875,0,0,0,0
1008,1008,198.1971429,292.9733333,0,0,0,0
1009,1009,203.48,298.3083333,0,0,0,0
1010,1010,199.99,294.994,0,0,0,0
1011,1011,207.9633333,295,0,0,0,0
1012,1012,219.77,285.2647752,0,0,0,0
1013,1013,199.99,291.995,0,0,0,0
1014,1014,198.945,289.66,0,0,0,0
1015,1015,204.495,287.3266667,0,0,0,0
1016,1016,218,285.495,0,0,0,0
1017,1017,217.882,285.3133333,0,0,0,0
1018,1018,216.245,285.1083763,0,0,0,0
1019,1019,215.235,284.75,0,0,0,0
1020,1020,210.99,284.5,0,0,0,0
1021,1021,219.86,281.11,0,0,0,0
1022,1022,213.086,275.6666667,0,0,0,0
1023,1023,214.99,277.3333333,0,0,0,0
1024,1024,218.485,276.98,0,0,0,0
1025,1025,215.99,278.5388889,0,0,0,0
1026,1026,219.1533333,278.8414286,0,0,0,0
1027,1027,210.382,274.7114286,0,0,0,0
1028,1028,210,265.432,0,0,0,0
1029,1029,208,253.934,0,0,0,0
1030,1030,193.97,251.908,0,0,0,0
1031,1031,201.162,250.6127924,0,0,0,0
1032,1032,196.6516667,249.0271926,0,0,0,0
1033,1033,200.188,248.2228772,0,0,0,0
1034,1034,196.384,247.1603077,0,0,0,0
1035,1035,198.95,247.6666667,0,0,0,0
1036,1036,192.7233333,247.3038462,0,0,0,0
1037,1037,195.995,246.5,0,0,0,0
1038,1038,187.785,248,0,0,0,0
1039,1039,192.62625,246.7244444,0,0,0,0
1040,1040,190.95,248.1428571,0,0,0,0
1041,1041,187.98,264,0,0,0,0
1042,1042,189.636,254.782,0,0,0,0
1043,1043,192.06,252.7259763,0,0,0,0
1044,1044,192.6633333,252.6666667,0,0,0,0
1045,1045,193.8,250.782,0,0,0,0
1046,1046,191.9183333,248.9888889,0,0,0,0
1047,1047,188,245.6985714,0,0,0,0
1048,1048,187.996,245.5709091,0,0,0,0
1049,1049,183.8527273,245.95,0,0,0,0
1050,1050,190.9216667,246.4216667,0,0,0,0
1051,1051,192.1533333,245.9833333,0,0,0,0
1052,1052,196.245,246.516,0,0,0,0
1053,1053,193.69375,246.055,0,0,0,0
1054,1054,195.512,248.725,0,0,0,0
1055,1055,195.3728571,244.3166667,0,0,0,0
1056,1056,194.9466667,244.95,0,0,0,0
1057,1057,193.7442105,245.6166667,0,0,0,0
1058,1058,197.463,244.762,0,0,0,0
1059,1059,195.498,247.0442857,0,0,0,0
1060,1060,197.204,243.75,0,0,0,0
1061,1061,196.1066667,240.5,0,0,0,0
1062,1062,195.23,244,0,0,0,0
1063,1063,197.93,241,0,0,0,0
1064,1064,193.3822222,244.3814241,0,0,0,0
1065,1065,194.1466667,245.7633333,0,0,0,0
1066,1066,192.64,244.6677702,0,0,0,0
1067,1067,188.99,243.395,0,0,0,0
1068,1068,191.5985714,244.06,0,0,0,0
1069,1069,190.0318182,243.86,0,0,0,0
1070,1070,193.8208333,241.9533333,0,0,0,0
1071,1071,191.49,240.5786179,0,0,0,0
1072,1072,189.0625,235.675,0,0,0,0
1073,1073,191.4166667,235.829055,0,0,0,0
1074,1074,191.0666667,235.86,0,0,0,0
1075,1075,193.9833333,235.93,0,0,0,0
1076,1076,193,237.905,0,0,0,0
1077,1077,192.995,233.4275,0,0,0,0
1078,1078,190.9966667,233.7867106,0,0,0,0
1079,1079,189.47,231.425,0,0,0,0
1080,1080,188.33,232.8365541,0,0,0,0
1081,1081,189.6985714,233.1385883,0,0,0,0
1082,1082,189,233.3657634,0,0,0,0
1083,1083,188.9866667,232.4105853,0,0,0,0
1084,1084,189.905,232.5390977,0,0,0,0
1085,1085,189.818,231.795907,0,0,0,0
1086,1086,192.511,230.9706994,0,0,0,0
1087,1087,192.5964706,231.3344032,0,0,0,0
1088,1088,193.7971429,233.13,0,0,0,0
1089,1089,197.235,230.06,0,0,0,0
1090,1090,197.3608333,226.285,0,0,0,0
1091,1091,196.52,227.3263797,0,0,0,0
1092,1092,198.0641176,226.425,0,0,0,0
1093,1093,191.3785,224.6743315,0,0,0,0
1094,1094,185.06,217.86,0,0,0,0
1095,1095,189.2014286,223.0017631,0,0,0,0
1096,1096,193.5172727,222.99,0,0,0,0
1097,1097,202.98,219.3973149,0,0,0,0
1098,1098,205.8241176,214.99,0,0,0,0
1099,1099,207.98,221.085,0,0,0,0
1100,1100,198.4227273,223.3891061,0,0,0,0
1101,1101,199.7425,225.3075,0,0,0,0
1102,1102,192.465,222.5943325,0,0,0,0
1103,1103,205.4833333,220.179615,0,0,0,0
1104,1104,213.795,222.4953689,0,0,0,0
1105,1105,219.4844444,225.425,0,0,0,0
1106,1106,224.5085714,223.0083339,0,0,0,0
1107,1107,228.431875,222.9626477,0,0,0,0
1108,1108,226.866,222.844106,0,0,0,0
1109,1109,219.99,219.922,0,0,0,0
1110,1110,222.7325,222.0927567,0,0,0,0
1111,1111,209.47,224.55,0,0,0,0
1112,1112,204.02,212.86,0,0,0,0
1113,1113,198.921,222.5012126,0,0,0,0
1114,1114,215.406,223.0619232,0,0,0,0
1115,1115,205.475,220.9802214,0,0,0,0
1116,1116,202.3033333,224.5865454,0,0,0,0
1117,1117,220.0257143,222.8100193,0,0,0,0
1118,1118,191.53,216.065,0,0,0,0
1119,1119,203.535,229,0,0,0,0
1120,1120,201.648125,229.99,0,0,0,0
1121,1121,195.9666667,218.57,0,0,0,0
1122,1122,197.975,221.8299327,0,0,0,0
1123,1123,199.48,220.93,0,0,0,0
1124,1124,197.975,221.9300469,0,0,0,0
1125,1125,193.8266667,218.6723601,0,0,0,0
1126,1126,187.7425,219.6646923,0,0,0,0
1127,1127,189.7833333,220.9225922,0,0,0,0
1128,1128,191.2225,221.6163836,0,0,0,0
1129,1129,184.31,216.75,0,0,0,0
1130,1130,185,220.855,0,0,0,0
1131,1131,182.495,222.52,0,0,0,0
1132,1132,193.0433333,227.6414672,0,0,0,0
1133,1133,194.4133333,226.44,0,0,0,0
1134,1134,187.55,226.719431,0,0,0,0
1135,1135,189.6833333,227.6902118,0,0,0,0
1136,1136,181.66,234.1822764,0,0,0,0
1137,1137,188.3966667,225,0,0,0,0
1138,1138,185.5375,234.725,0,0,0,0
1139,1139,184.35,234.3,0,0,0,0
1140,1140,190.9833333,236.69,0,0,0,0
1141,1141,181.995,233.4125,0,0,0,0
1142,1142,188.3625,236.2165017,0,0,0,0
1143,1143,179.995,234.3194701,0,0,0,0
1144,1144,179.995,231.95,0,0,0,0
1145,1145,184,233.2833333,0,0,0,0
1146,1146,185.93,236.97,0,0,0,0
1147,1147,179.995,245.08,0,0,0,0
1148,1148,180.994,240.6266667,0,0,0,0
1149,1149,184.735,240.2833333,0,0,0,0
1150,1150,182.982,238.7131259,0,0,0,0
1151,1151,182.35,236.99,0,0,0,0
1152,1152,179.46,237.5127273,0,0,0,0
1153,1153,181.6183333,237.57,0,0,0,0
1154,1154,181.865,242.975,0,0,0,0
1155,1155,183.47,241.495,0,0,0,0
1156,1156,183.2483333,241.495,0,0,0,0
1157,1157,181.536,241.0499822,0,0,0,0
1158,1158,178.98,239.995,0,0,0,0
1159,1159,176.3233333,245,0,0,0,0
1160,1160,178.01,252.495,0,0,0,0
1161,1161,176,251.76,0,0,0,0
1162,1162,174.996,249.985,0,0,0,0
1163,1163,173.998,248.5628571,0,0,0,0
1164,1164,173.225,246.495,0,0,0,0
1165,1165,171.674,245.7,0,0,0,0
1166,1166,173,240.9975,0,0,0,0
1167,1167,171.98,233.894,0,0,0,0
1168,1168,172.5,237.59,0,0,0,0
1169,1169,170,236.59,0,0,0,0
1170,1170,169.995,236.2566667,0,0,0,0
1171,1171,172.7942857,232.302,0,0,0,0
1172,1172,176.97,232.94,0,0,0,0
1173,1173,173.49,232.7837288,0,0,0,0
1174,1174,173.5,232.95,0,0,0,0
1175,1175,173.6666667,232.9066667,0,0,0,0
1176,1176,172.985,232.8778093,0,0,0,0
1177,1177,173.9766667,232.795,0,0,0,0
1178,1178,172.146,232.9125,0,0,0,0
1179,1179,169.6266667,231.25,0,0,0,0
1180,1180,168.5966667,232.95,0,0,0,0
1181,1181,168.5,231.42,0,0,0,0
1182,1182,168.5028571,231.8065141,0,0,0,0
1183,1183,166.6633333,231.42,0,0,0,0
1184,1184,166.786,229.7175,0,0,0,0
1185,1185,167,229.9,0,0,0,0
1186,1186,167.5,228.96,0,0,0,0
1187,1187,166.6633333,229.9266667,0,0,0,0
1188,1188,164.998,232.3,0,0,0,0
1189,1189,164.5,231.57,0,0,0,0
1190,1190,163.5,233.455,0,0,0,0
1191,1191,168.995,228.7225,0,0,0,0
1192,1192,171.7375,232.378,0,0,0,0
1193,1193,171.9966667,233.475,0,0,0,0
1194,1194,170.975,232.125,0,0,0,0
1195,1195,167.72,232.95,0,0,0,0
1196,1196,167.495,231.6575,0,0,0,0
1197,1197,166.9933333,233.305,0,0,0,0
1198,1198,169.1444444,236.14,0,0,0,0
1199,1199,168.4677778,235.99,0,0,0,0
1200,1200,165.9866667,230.8083333,0,0,0,0
1201,1201,165.6257143,228.944,0,0,0,0
1202,1202,163.1381818,232.3225,0,0,0,0
1203,1203,160.99,232.744,0,0,0,0
1204,1204,159.6633333,232.844,0,0,0,0
1205,1205,159,233.445,0,0,0,0
1206,1206,154.94,225.755,0,0,0,0
1207,1207,153.4675,226.464295,0,0,0,0
1208,1208,160.33,217.86,0,0,0,0
1209,1209,158.7175,218.9647912,0,0,0,0
1210,1210,160.715,221.195,0,0,0,0
1211,1211,160.5,217.85,0,0,0,0
1212,1212,157.225,221.535,0,0,0,0
1213,1213,154.96,224.4256903,0,0,0,0
1214,1214,153.38,225.4357037,0,0,0,0
1215,1215,156.27,222.1757154,0,0,0,0
1216,1216,152.77,226.11,0,0,0,0
1217,1217,158,217.81,0,0,0,0
1218,1218,155.33,228.0057143,0,0,0,0
1219,1219,152.9925,224.058,0,0,0,0
1220,1220,155.574,227.96,0,0,0,0
1221,1221,156.6266667,223.06,0,0,0,0
1222,1222,157.46,226.0140147,0,0,0,0
1223,1223,158.24,227.9942857,0,0,0,0
1224,1224,152.99,228.9666667,0,0,0,0
1225,1225,154.905,233.6166667,0,0,0,0
1226,1226,152.6566667,233.9833333,0,0,0,0
1227,1227,155.99,237.09,0,0,0,0
1228,1228,150.096,241.588,0,0,0,0
1229,1229,148.4,236.0733333,0,0,0,0
1230,1230,153.46,233.769,0,0,0,0
1231,1231,152.3,231.6475,0,0,0,0
1232,1232,154.9683333,237.95,0,0,0,0
1233,1233,156.205,244.49,0,0,0,0
1234,1234,153,243.60125,0,0,0,0
1235,1235,156.495,219.29,0,0,0,0
1236,1236,157,229.7173333,0,0,0,0
1237,1237,155.45,230.4785714,0,0,0,0
1238,1238,149.27,220.804375,0,0,0,0
1239,1239,148.7325,214,0,0,0,0
1240,1240,149.62,214.005,0,0,0,0
1241,1241,148.96,214.0066667,0,0,0,0
1242,1242,148.95,214.0050024,0,0,0,0
1243,1243,153.975,220.9872934,0,0,0,0
1244,1244,153.975,222.3720636,0,0,0,0
1245,1245,150.9733333,231.0254053,0,0,0,0
1246,1246,152.47,237.8654931,0,0,0,0
1247,1247,144.99,236.6466667,0,0,0,0
1248,1248,148.995,239.9966667,0,0,0,0
1249,1249,153,236.8725,0,0,0,0
1250,1250,146.9775,239.7125,0,0,0,0
1251,1251,151.9916667,236.8328571,0,0,0,0
1252,1252,150.5,240.71,0,0,0,0
1253,1253,149.99,214.01,0,0,0,0
1254,1254,151,237.49,0,0,0,0
1255,1255,151.7475,232.2163991,0,0,0,0
1256,1256,150.2,230.7936053,0,0,0,0
1257,1257,146.7554545,224.9641334,0,0,0,0
1258,1258,146.71,225.113613,0,0,0,0
1259,1259,146.7611111,225.5085714,0,0,0,0
1260,1260,146.79,226.2885714,0,0,0,0
1261,1261,147.5683333,222.0511111,0,0,0,0
1262,1262,149.8385714,224.2121652,0,0,0,0
1263,1263,148.245,224.1160185,0,0,0,0
1264,1264,148,224.6892093,0,0,0,0
1265,1265,149,225.8802303,0,0,0,0
1266,1266,149.292,227.8355227,0,0,0,0
1267,1267,150.09,227.7354998,0,0,0,0
1268,1268,149,226.7,0,0,0,0
1269,1269,148.4925,228.4125,0,0,0,0
1270,1270,147.3333333,229.51,0,0,0,0
1271,1271,153,218.86,0,0,0,0
1272,1272,149.495,217.95,0,0,0,0
1273,1273,149.572,218.86,0,0,0,0
1274,1274,149.3016667,220.855,0,0,0,0
1275,1275,148.4514286,219.94,0,0,0,0
1276,1276,147.7025,218.5332289,0,0,0,0
1277,1277,148.2425,213.9592489,0,0,0,0
1278,1278,149.9966667,212.3466667,0,0,0,0
1279,1279,150.995,213.4466667,0,0,0,0
1280,1280,148.3266667,207.43,0,0,0,0
1281,1281,147.19,209.4126149,0,0,0,0
1282,1282,148.465,210.1903334,0,0,0,0
1283,1283,150.59625,211.5310983,0,0,0,0
1284,1284,148.188,211.295,0,0,0,0
1285,1285,149.17,214.0793465,0,0,0,0
1286,1286,149.2266667,215.425,0,0,0,0
1287,1287,148.835,214.9560956,0,0,0,0
1288,1288,148.6366667,215.2218676,0,0,0,0
1289,1289,150,216.7066667,0,0,0,0
1290,1290,152.475,0,0,0,0,0
1291,1291,148.28,0,0,0,0,0
1292,1292,148.17,0,0,0,0,0
1293,1293,152.6155556,0,0,0,0,0
1294,1294,155.165,0,0,0,0,0
1295,1295,151.0875,0,0,0,0,0
1296,1296,153.805,0,0,0,0,0
1297,1297,149.498,0,0,0,0,0
1298,1298,150.635,0,0,0,0,0
1299,1299,152.7314286,0,0,0,0,0
1300,1300,152.3166667,0,0,0,0,0
1301,1301,150,0,0,0,0,0
1302,1302,149.848,0,0,0,0,0
1303,1303,148.995,0,0,0,0,0
1304,1304,146,0,0,0,0,0
1305,1305,148.6933333,0,0,0,0,0
1306,1306,147.8216667,0,0,0,0,0
1307,1307,149.33,0,0,0,0,0
1308,1308,148.54,0,0,0,0,0
1309,1309,149.72,0,0,0,0,0
1310,1310,150.918,0,0,0,0,0
1311,1311,149.8016667,0,0,0,0,0
1312,1312,149.4525,0,0,0,0,0
1313,1313,148.3275,0,0,0,0,0
1314,1314,145.9975,0,0,0,0,0
1315,1315,145.984,0,0,0,0,0
1316,1316,146.775,0,0,0,0,0
1317,1317,146.91,0,0,0,0,0
1318,1318,147.3333333,0,0,0,0,0
1319,1319,149.1357143,0,0,0,0,0
1320,1320,149.47,0,0,0,0,0
1321,1321,149.35,0,0,0,0,0
1322,1322,148.2375,0,0,0,0,0
1323,1323,150.47,0,0,0,0,0
1324,1324,149.698,0,0,0,0,0
1325,1325,144.2425,0,0,0,0,0
1326,1326,146.2475,0,0,0,0,0
1327,1327,137.985,0,0,0,0,0
1328,1328,134.99,0,0,0,0,0
1329,1329,139.99,0,0,0,0,0
1330,1330,136.99,0,0,0,0,0
1331,1331,148,0,0,0,0,0
1332,1332,145.6583333,0,0,0,0,0
1333,1333,147.5571429,0,0,0,0,0
1334,1334,142,0,0,0,0,0
1335,1335,147,0,0,0,0,0
1336,1336,145,0,0,0,0,0
1337,1337,149.245,0,0,0,0,0
1338,1338,149.296,0,0,0,0,0
1339,1339,150.6533333,0,0,0,0,0
1340,1340,148.4828571,0,0,0,0,0
1341,1341,148.63,0,0,0,0,0
1342,1342,150.8775,0,0,0,0,0
1343,1343,151.9188889,0,0,0,0,0
1344,1344,133.76,0,0,0,0,0
1345,1345,150.358,0,0,0,0,0
1346,1346,140.2966667,0,0,0,0,0
1347,1347,126.89,0,0,0,0,0
1348,1348,146.05,0,0,0,0,0
1349,1349,145.8366667,0,0,0,0,0
1350,1350,143.1425,0,0,0,0,0
1351,1351,144,0,0,0,0,0
1352,1352,134.64,0,0,0,0,0
1353,1353,123.1885714,0,0,0,0,0
1354,1354,127.1033333,0,0,0,0,0
1355,1355,130.485,0,0,0,0,0
1356,1356,140.97,0,0,0,0,0
1357,1357,134.555,0,0,0,0,0
1358,1358,136.99,0,0,0,0,0
1359,1359,143,0,0,0,0,0
1360,1360,138.49,0,0,0,0,0
1361,1361,139.365,0,0,0,0,0
1362,1362,141.93,0,0,0,0,0
1363,1363,140.212,0,0,0,0,0
1364,1364,139.7657143,0,0,0,0,0
1365,1365,146.6622222,0,0,0,0,0
1366,1366,146.7761538,0,0,0,0,0
1367,1367,147.31,0,0,0,0,0
1368,1368,147.346,0,0,0,0,0
1369,1369,147.2475,0,0,0,0,0
1370,1370,148.8975,0,0,0,0,0
1371,1371,147.83625,0,0,0,0,0
1372,1372,145.3414286,0,0,0,0,0
1373,1373,144.6816667,0,0,0,0,0
1374,1374,138.475,0,0,0,0,0
1375,1375,137.3316667,0,0,0,0,0
1376,1376,135.347,0,0,0,0,0
1377,1377,134.0528571,0,0,0,0,0
1378,1378,141.9983333,0,0,0,0,0
1379,1379,140.23,0,0,0,0,0
1380,1380,140.495,0,0,0,0,0
1381,1381,142.8471429,0,0,0,0,0
1382,1382,141.3333333,0,0,0,0,0
1383,1383,141.95,0,0,0,0,0
1384,1384,141.47375,0,0,0,0,0
1385,1385,141.6,0,0,0,0,0
1386,1386,142.1,0,0,0,0,0
1387,1387,141.35,0,0,0,0,0
1388,1388,141.875,0,0,0,0,0
1389,1389,148.97,0,0,0,0,0
1390,1390,145.78,0,0,0,0,0
1391,1391,144.6785714,0,0,0,0,0
1392,1392,144.5625,0,0,0,0,0
1393,1393,143.8,0,0,0,0,0
1394,1394,143.8666667,0,0,0,0,0
1395,1395,144.625,0,0,0,0,0
1396,1396,143.5666667,0,0,0,0,0
1397,1397,142.9,0,0,0,0,0
1398,1398,140.214,0,0,0,0,0
1399,1399,140.4925,0,0,0,0,0
1400,1400,131.475,0,0,0,0,0
1401,1401,142.985,0,0,0,0,0
1402,1402,142.95,0,0,0,0,0
1403,1403,138.5,0,0,0,0,0