,Apple iPhone 8,Apple iPhone X,Apple iPhone XS,Apple iPhone 11,Apple iPhone 12,Apple iPhone 13
0,699.99,899.99,849.99,709.99,829.99,729.99
1,659.99,,,,804.99,
2,,,,729.0,,
3,759.99,,,,804.99,
4,659.99,,824.99,,,
5,,,809.99,774.495,,
6,659.99,,,704.63,,960.0
7,,,,745.99,,
8,659.99,,,745.99,,
9,,,796.97,,,
10,659.99,,,767.594,,
11,724.3233333333334,,759.99,,789.66,
12,759.99,,759.98,,787.49,779.97
13,,,833.3166666666666,934.385,809.99,
14,709.99,1009.77,805.9875,805.9966666666666,809.99,
15,,,,,808.0,
16,659.99,,792.49,825.4949999999999,805.0,770.97
17,,,792.49,825.495,803.99,
18,659.99,,776.495,,799.99,774.97
19,659.98,,828.705,774.495,,778.97
20,659.99,,780.0,781.99,,773.6366666666667
21,,,793.985,652.86,,777.97
22,659.99,,785.1616666666665,,,768.985
23,,,787.98,,798.3166666666666,753.495
24,659.98,899.0,,,809.97,761.9766666666668
25,,,,,,751.99
26,659.98,,774.49,,789.99,749.0
27,,,773.99,766.49,799.0,751.99
28,659.98,,769.99,869.0,,748.7475
29,,,,,798.0,768.0
30,659.98,999.77,768.99,869.0,798.0,752.99
31,659.0,,764.79,865.0,804.99,762.7819999999999
32,653.99,,687.49,,,772.3133333333334
33,648.9766666666667,,673.99,,,774.47
34,648.94,,669.99,,,773.376
35,646.0500000000001,,,,786.8266666666667,
36,644.98,,668.69,,,774.845
37,644.96,,663.5742857142858,,799.99,774.4850000000001
38,644.9733333333334,,654.98,,,774.3233333333334
39,644.96,,644.0,,,779.47
40,644.94,888.85,,,784.99,779.6366666666667
41,643.3133333333333,848.99,,679.99,813.435,
42,632.664,849.0,,679.99,,789.97
43,639.3366666666667,,639.99,679.99,,779.98
44,639.44,845.54,640.4433333333333,679.99,800.0,782.8249999999999
45,659.0,848.99,634.99,679.99,,779.4849999999999
46,638.915,,,679.99,804.99,781.7375
47,644.5,862.6566666666668,618.3133333333334,,,
48,659.0,,597.128,713.3233333333334,792.245,788.97
49,649.99,,588.95,706.6566666666668,,783.0
50,654.495,,,709.99,792.245,787.976
51,650.0,842.7459999999999,,699.99,,774.3233333333334
52,650.01,816.345,,,,
53,659.0,830.7633333333333,,,,786.985
54,644.5,821.655,,688.69,,792.9866666666667
55,642.25,833.255,,689.99,,774.495
56,639.98,,,689.495,,762.49
57,639.99,,,,791.745,762.5
58,639.98,878.975,,,829.6633333333333,758.8249999999999
59,635.005,878.99,,,,756.6566666666668
60,635.02,825.785,,,889.99,
61,639.985,825.79,,685.9475,889.99,772.9780000000001
62,639.94,729.99,538.65,,889.99,759.49
63,638.6633333333334,828.4425,538.43,,932.49,784.1383333333334
64,633.15,819.3639999999999,552.645,,933.0,783.65
65,629.8875,878.94,546.7850000000001,,933.995,791.985
66,627.7463636363638,,544.0,692.9859999999999,934.99,788.6433333333334
67,624.7529999999999,878.47,542.3833333333333,707.2425000000001,889.99,781.735
68,608.9200000000001,764.99,543.8925,,859.99,794.97
69,608.9733333333334,,538.99,,,784.9833333333332
70,599.99,,532.7666666666667,686.2425000000001,,783.1700000000001
71,609.0,741.995,,689.5069565217391,779.99,
72,599.99,,529.5,,,
73,609.0,,522.9499999999999,686.99,754.99,792.485
74,604.495,,,689.469,,792.95
75,604.495,699.99,516.5,689.2671428571429,749.99,794.97
76,609.0,679.99,530.4266666666667,686.99,,780.9900000000001
77,602.9933333333333,,529.0,688.3166666666666,799.99,779.49
78,651.598,,542.0842857142858,688.98,,786.2728571428571
79,609.0,679.0,531.985,689.99,,792.49
80,681.4766666666666,,534.6533333333333,,789.6466666666666,789.0
81,711.4583333333334,,,,,
82,614.495,,,,774.99,
83,649.6633333333333,,525.7959999999999,689.9739999999999,789.97,786.3299999999999
84,799.88,,,689.9699999999999,782.47,780.8385714285714
85,719.935,679.99,,,789.95,774.495
86,699.77,,,688.27,789.22,758.7375
87,654.385,,,689.46,765.4849999999999,770.0
88,699.77,,,,755.77,764.9449999999999
89,699.77,,529.98,,749.88,764.0
90,609.0,,523.995,689.9699999999999,744.99,
91,642.92,,,689.2966666666667,747.38,760.9966666666666
92,619.95,,525.985,689.1479999999999,749.77,762.0
93,614.475,,,688.95,749.2566666666667,761.49
94,619.0,,,,,741.9925
95,610.95,,559.9675,689.9849999999999,,723.5
96,614.975,679.99,572.37,689.98,,
97,614.0,670.0,532.2133333333334,,,734.47
98,579.99,,531.8333333333334,688.97,,
99,549.99,,532.2666666666667,690.9716666666667,,734.95
100,559.99,,531.995,769.99,759.99,729.9500000000002
101,562.2149999999999,,521.8966666666668,789.9900000000001,,722.98
102,579.896,689.0,,793.9978947368421,,723.7425000000001
103,582.46,689.66,518.855,,,719.98
104,573.665,666.2666666666668,536.48,761.41,,714.9500000000002
105,569.9549999999999,,520.69,794.9928571428571,749.0,709.9900000000001
106,572.435,,521.1975,788.7449999999999,,
107,569.5325,714.475,517.6233333333333,811.1366666666668,799.95,706.97
108,569.84,706.2833333333334,520.2275,826.3166666666666,,704.4842857142858
109,580.0,,516.925,835.4144444444444,766.6300000000001,703.4750000000001
110,571.271111111111,706.3133333333334,516.925,838.7212499999999,797.495,700.9800000000001
111,566.5699999999999,723.2666666666668,517.22,829.9,798.3266666666667,695.3633333333333
112,564.99,,513.98,815.7880000000001,844.99,691.6566666666668
113,565.1566666666666,714.925,,797.49,,689.3100000000001
114,557.665,714.925,517.894,818.9914285714285,,688.65
115,539.8083333333334,688.0,517.0,827.2057142857141,,691.9750000000001
116,545.0,814.0233333333333,508.495,836.6483333333332,,688.215
117,534.99,,505.896,819.8655555555555,749.99,
118,534.5566666666667,688.3133333333334,498.6275,,,691.7560000000001
119,534.8366666666666,701.6466666666666,496.6425,836.2568749999998,,694.485
120,527.35,778.99,495.47666666666663,815.9859999999999,,695.9900000000001
121,522.495,769.2225000000001,489.8728571428571,828.9875,769.99,700.9825000000001
122,539.0,785.9166666666666,483.58428571428567,746.99,759.99,706.2625
123,524.3812499999999,799.77,478.99,744.1659999999999,749.99,699.0
124,519.9433333333334,799.77,478.99666666666667,746.8492307692309,,728.9766666666668
125,521.21,,,747.8088235294117,744.99,727.8050000000001
126,530.4916666666667,699.0,478.98,,,768.99
127,519.95,779.385,478.7033333333333,744.9625,,750.98
128,519.9100000000001,,471.392,740.037,,726.3
129,519.86,,464.99,738.1300000000001,,717.6500000000001
130,556.995,,464.65000000000003,741.6116666666667,,682.49
131,543.6,,459.925,736.9341666666668,,689.95
132,519.8966666666666,789.0,,729.1566666666668,724.66,679.1566666666666
133,519.9466666666667,,462.475,,724.0,662.6433333333333
134,519.0,,462.53999999999996,729.495,719.99,662.7425000000001
135,518.94,,460.17500000000007,730.8081818181818,,681.495
136,518.8100000000001,799.0,456.975,731.684,718.0,683.182
137,517.7478571428571,736.3266666666667,454.495,729.9749999999999,,669.926
138,514.1921052631579,689.0,458.1,739.1483333333332,,686.9775
139,499.99,683.598,,738.32,,686.5
140,499.9666666666667,675.0,455.1875,734.9237499999999,709.495,665.0450000000001
141,498.3592307692307,673.3066666666667,451.75333333333333,731.120769230769,699.0,668.0725
142,493.43000000000006,664.0766666666668,449.98333333333335,731.305,682.33,673.195
143,492.9437500000001,661.97,447.61999999999995,735.9849999999999,679.9983333333333,673.5100000000001
144,492.09319999999985,660.7900000000001,455.96000000000004,737.4899999999999,672.0,677.46
145,491.2334615384615,658.05,446.392,732.1257142857143,,666.105
146,490.30884615384616,650.6975,449.4271428571428,718.311111111111,666.8333333333334,666.7650000000001
147,489.55099999999993,,451.1360000000001,719.1416666666665,661.0,652.482
148,488.5542857142856,,463.17600000000004,715.6416666666665,657.5,672.385
149,487.526,,459.995,713.1666666666666,655.1666666666666,638.62
150,484.8,678.5925000000001,456.5657142857143,716.95,651.0,608.97
151,484.92499999999995,,460.41916666666657,714.168,,626.3125
152,514.0,679.99,457.95,713.7522222222221,656.6666666666666,624.6500000000001
153,496.2,659.99,458.99799999999993,712.72,659.99,643.9275
154,551.2577777777777,,462.12,710.7539999999999,654.9966666666667,630.2933333333334
155,519.74,,462.3233333333333,707.47,651.6266666666667,639.8359999999999
156,504.18625,,464.83299999999997,704.7940000000001,646.995,643.2483333333333
157,502.79833333333323,,,729.97,642.5,629.6985714285714
158,516.6,634.3066666666667,476.995,708.7362499999999,640.0,617.7874999999999
159,518.552,622.235,472.3933333333334,711.18,635.0,636.5566666666667
160,517.0,634.8116666666667,477.65333333333336,695.6114285714285,632.495,630.8359999999999
161,496.99,622.485,479.98,678.16,628.995,605.3928571428571
162,493.99,629.9869999999999,479.3833333333334,647.6566666666666,626.6433333333333,629.6166666666667
163,496.99,629.99,,649.99,623.3775,643.32
164,512.5685714285713,618.79,,659.99,622.8225,634.8083333333334
165,504.2249999999999,619.79,491.7699999999999,650.2066666666666,,639.95
166,515.0,609.99,493.4463636363636,644.7425000000001,619.99,
167,504.76800000000003,622.4799999999999,475.98333333333335,649.4925000000001,619.495,
168,511.22375,632.48,489.77812500000005,656.4875,,
169,494.945,622.1342857142856,511.59400000000005,655.3499999999999,618.9100000000001,
170,489.5933333333333,610.99,539.0,655.215,,
171,509.9725,622.132857142857,518.235,655.1744444444444,,
172,494.945,606.6566666666666,512.4699999999999,674.99,619.99,
173,503.3233333333333,623.99,509.3928571428572,673.7042857142857,629.99,
174,489.9,638.74,489.884,677.8249999999999,633.995,
175,493.29333333333335,659.99,568.99,681.49,626.6566666666666,
176,489.9,634.9766666666667,503.68000000000006,652.33,,
177,499.99,631.3233333333334,502.8833333333333,656.3779999999999,624.99,
178,508.44961538461547,619.4899999999999,509.191,653.1780000000001,,
179,499.325,625.6566666666666,522.0319999999999,648.995,639.99,
180,509.95,628.2627272727271,527.657142857143,642.1899999999999,,
181,498.7075,617.4899999999999,533.7433333333333,,620.66,
182,499.0,617.9860000000001,508.7835714285714,629.9879999999999,644.2966666666666,
183,496.0,635.3333333333334,511.18999999999994,628.995,620.516,
184,493.0,629.49,516.9975,627.49,620.5657142857143,
185,479.0,,516.3166666666667,,619.0755555555555,
186,478.95500000000004,617.8100000000001,507.99,,629.808,
187,478.1634615384615,617.8100000000001,,,637.8566666666667,
188,476.15310344827583,620.97,503.245,628.995,,
189,475.03,629.62,503.49,629.99,,
190,474.72125000000005,646.935,499.875,,637.4000000000001,
191,473.74458333333337,648.9766666666667,503.14,639.1566666666666,638.338,
192,472.87999999999994,643.47,502.8866666666667,629.495,589.0925,
193,472.98,,502.928,,,
194,472.66,654.98,491.32666666666665,628.99,579.96,
195,472.97,653.982,492.91399999999993,629.0,,
196,472.865,663.9780000000001,498.59,633.9925000000001,,
197,454.495,679.94,497.942,632.99,578.1479999999999,
198,454.0,639.99,,644.99,579.65,
199,455.90363636363634,,490.0,,579.49,
200,449.70142857142855,628.99,500.81800000000004,656.9899999999999,580.95,
201,439.99,,503.8625,655.192,,
202,439.7916666666667,639.49,512.88,664.9933333333333,592.485,
203,437.9552631578947,641.1075,500.0575,675.99,594.99,
204,428.9,649.9725000000001,490.1583333333333,704.99,607.372,
205,428.5225,644.97,489.582,709.9900000000001,611.475,
206,428.8,655.774,492.91,685.4925,578.0,
207,424.96500000000003,637.99,,704.792,579.43,
208,424.9533333333333,628.99,476.5,707.2425000000001,588.14,
209,426.1333333333334,,489.4675,692.9780000000001,613.5,
210,426.7466666666667,729.74,489.5,713.5,599.225,
211,428.49,,485.0,639.99,597.1333333333333,
212,427.6233333333333,631.5766666666667,489.0,659.97,596.4833333333333,
213,424.95500000000004,629.5174999999999,,,594.36,
214,424.96000000000004,839.0,488.995,649.99,,
215,424.96000000000004,687.954,492.16499999999996,645.6566666666666,624.0799999999999,
216,424.95,734.495,492.81999999999994,684.0,,
217,419.0,,,617.49,605.9175,
218,423.3775,,,,619.95,
219,424.82,659.95,477.495,,609.95,
220,431.72333333333336,656.24,489.42904761904765,611.245,664.98,
221,427.245,782.6633333333333,494.12874999999997,622.49,649.33,
222,425.90999999999997,701.784,494.608,623.994,628.4875,
223,431.7675,782.6633333333333,503.85714285714283,624.49,619.0,
224,431.6566666666666,659.99,504.95,619.74,636.76,
225,434.03600000000006,634.99,513.5,,,
226,438.04,,517.4449999999999,,604.99,
227,441.78999999999996,624.99,515.106,639.98,,
228,441.49,,564.9175,662.13,598.45,
229,439.99,,495.0,617.99,604.985,
230,440.9766666666667,613.81,509.10555555555555,,,
231,441.2757142857142,624.99,514.0,650.0,,
232,441.49,,575.0,616.66,632.5033333333333,
233,441.99,,529.0,608.99,,
234,432.48,,520.0,,,
235,439.10999999999996,625.73,523.1700000000001,569.4300000000001,618.1133333333333,
236,439.99,633.778,497.3860000000001,591.2833333333333,633.5655555555555,
237,439.98,,504.27714285714285,606.99,628.99,
238,432.46500000000003,,494.49,609.99,602.98,
239,439.985,,499.75666666666666,615.99,629.99,
240,439.74,,509.0,609.99,,
241,424.93,,508.99,609.192,607.2366666666667,
242,437.46000000000004,,501.985,613.4933333333333,598.2475,
243,424.9099999999999,,,610.99,602.6899999999999,
244,449.0,651.0,501.995,612.3233333333334,597.47,
245,439.99,650.0,481.5,604.3266666666667,594.95,
246,424.93,,473.42,599.97,594.8050000000001,
247,420.84999999999997,645.485,470.0,582.495,593.6433333333333,
248,412.9566666666667,645.485,,595.1957142857143,589.762857142857,
249,409.4166666666667,654.5,,597.365,593.99,
250,405.51,626.49,,,,
251,404.886,625.7014285714287,475.28000000000003,593.3733333333333,584.99,
252,402.10999999999996,645.055,476.0,592.26125,584.97,
253,400.1453333333333,645.12,472.1266666666667,605.092,584.98,
254,401.50500000000005,643.8725000000001,471.0,596.495,582.918,
255,400.7007692307692,635.0,469.99,598.985,583.5566666666667,
256,399.10999999999996,607.495,469.6366666666667,,583.99,
257,399.75,597.74,467.99,,,
258,398.2166666666667,608.6828571428572,458.62875,,607.48,
259,394.33,584.99,460.4283333333333,607.66,593.7,
260,392.99,625.02,476.4066666666667,615.99,593.7,
261,389.99,612.49,480.68375000000003,,582.69,
262,389.975,616.6533333333333,477.69166666666666,596.57,598.45,
263,388.985,624.485,477.58818181818185,605.285,605.0,
264,387.83000000000004,621.13,475.5972727272727,,601.725,
265,387.658,619.965,472.5716666666667,,596.0139999999999,
266,386.47,605.7525,473.0,,615.9933333333333,
267,384.13,601.235,473.475,,601.48,
268,380.29,601.2325000000001,469.0333333333333,,607.9733333333334,
269,380.26,,463.245,,662.7385714285714,
270,380.06333333333333,,468.26,616.995,595.2966666666666,
271,379.475,584.99,465.50666666666666,616.49,588.725,
272,378.93,599.97,,612.99,582.49,
273,378.95,599.96,462.475,619.99,584.6,
274,378.93,,462.31333333333333,,585.7940000000001,
275,378.9,599.9533333333333,461.65000000000003,624.99,599.465,
276,378.82,,462.9666666666667,619.995,603.274,
277,378.69000000000005,,460.0,,591.21,
278,378.63,599.83,462.475,,591.6575,
279,378.55999999999995,599.7768749999999,467.0,,589.9799999999999,
280,378.55,599.9000000000001,464.95,,584.9133333333333,
281,378.555,,464.0,,586.5360000000001,
282,378.495,,455.98400000000004,,594.98,
283,378.5,,443.21000000000004,,587.475,
284,378.46000000000004,599.9125,438.99,612.66,582.6650000000001,
285,377.92999999999995,594.10125,436.5,601.95,582.9283333333334,
286,378.5,589.9372727272728,440.0,601.95,584.138,
287,387.49,590.3642857142858,444.235,,590.6300000000001,
288,389.99,,441.525,610.0,587.3419999999999,
289,386.6566666666667,592.445,435.0,611.9933333333333,579.0500000000001,
290,384.2099999999999,588.665,452.6287500000001,612.99,581.3828571428571,
291,381.5257142857143,588.3166666666667,460.78600000000006,629.995,580.3749999999999,
292,379.97,,453.0,644.99,580.3383333333334,
293,379.95500000000004,,439.975,,579.9085714285713,
294,375.27,599.95,445.51666666666665,621.5,579.8140000000001,
295,364.99,599.945,446.8966666666667,637.495,577.764,
296,364.815,594.9575,,639.995,579.505,
297,364.49,590.34875,444.495,636.66,576.95,
298,364.99,579.6533333333333,445.8075,622.66,575.97,
299,374.99,,444.52,639.9925000000001,,
300,369.99,569.99,456.735,609.99,575.2966666666667,
301,369.99,,,614.99,576.62,
302,369.99,,459.83,599.99,572.475,
303,369.99,539.98,459.995,619.99,,
304,372.44,,441.0375,624.6633333333333,557.4200000000001,
305,372.44,516.46,444.0142857142857,623.0,564.1,
306,374.98,514.0,458.71999999999997,611.495,547.635,
307,384.99,504.85461538461544,448.32,619.495,545.89,
308,373.3233333333333,487.99,460.8733333333333,603.2475,553.19,
309,374.99,486.4375,456.16999999999996,602.0,556.0,
310,374.90200000000004,482.98125000000005,467.10857142857145,605.2299999999999,548.4933333333333,
311,374.99,482.1948275862068,468.59400000000005,610.5,556.47,
312,374.72333333333336,462.8933333333334,435.946,605.5,538.99,
313,373.5011111111111,462.50285714285707,430.075,607.0,,
314,367.49,468.93666666666667,428.5371428571429,,519.49,
315,374.99,466.39909090909094,430.2833333333333,,519.49,
316,367.49,463.99,431.22,604.99,539.99,
317,374.945,462.7,423.975,,542.95,
318,374.9,460.70199999999994,418.9875,602.99,,
319,374.99,459.99,,604.99,,
320,374.9,459.4425,416.4075,,521.47,
321,374.54799999999994,452.321,409.8183333333333,602.99,521.47,
322,373.2846666666667,454.9054545454546,402.5,600.99,528.9275,
323,371.18222222222226,458.32666666666665,,593.0,512.66,
324,368.7766666666667,459.91499999999996,399.95,598.0,529.5,
325,368.465,457.69,395.79,596.0,537.3066666666667,
326,369.99,451.86249999999995,390.99285714285713,588.8866666666667,535.99,
327,364.99,456.90833333333336,388.4,579.252,519.98,
328,364.45500000000004,460.855,390.0,582.9825000000001,513.63,
329,364.21000000000004,461.4433333333333,389.0,588.0,,
330,363.79,455.93666666666667,,587.985,524.985,
331,361.395,444.15,386.0,585.3066666666667,459.98,
332,363.84000000000003,449.52200000000005,389.975,592.75,524.7650000000001,
333,361.54,448.95,396.0,589.95,527.095,
334,359.2075,447.95,399.9975,587.995,519.49,
335,360.2533333333334,448.95,407.33,588.6600000000001,517.95,
336,353.8,447.99,397.6,589.33,528.99,
337,358.02000000000004,,392.398,585.7475,532.73,
338,358.5833333333333,,392.8,586.2199999999999,463.98,
339,363.0,450.9671428571428,403.698,584.44,527.3566666666666,
340,357.6,451.3066666666667,397.49,580.315,510.68999999999994,
341,356.46444444444444,452.2966666666667,394.745,576.88,517.3666666666667,
342,361.6666666666667,451.1814285714285,394.245,573.495,488.8966666666667,
343,364.99666666666667,447.1940000000001,384.9766666666667,580.495,487.9,
344,363.596,,382.9225,600.46,493.9,
345,363.67,,381.05454545454546,619.4159999999999,473.51750000000004,
346,364.5566666666667,448.37399999999997,379.4425,634.4449999999999,469.31333333333333,
347,364.32500000000005,446.97,373.0,633.33,505.01,
348,376.6616666666667,445.9366666666667,374.48,640.0,483.35999999999996,
349,399.0,445.29400000000004,377.4875,619.98,504.89,
350,398.66,445.0,376.985,,499.67499999999995,
351,395.77000000000004,443.28999999999996,371.2816666666667,584.49,497.46500000000003,
352,383.065,444.52200000000005,369.95,594.72,480.6233333333333,
353,363.79,444.47,369.764,598.495,485.3325,
354,356.815,,360.9375,606.995,,
355,366.315,445.46500000000003,359.42285714285714,604.99,482.05600000000004,
356,349.99,447.4883333333333,358.16200000000003,602.98,481.1940000000001,
357,359.19,,357.76666666666665,594.99,465.19000000000005,
358,411.66,448.725,,594.9766666666667,455.195,
359,402.495,448.995,352.0,598.2333333333333,,
360,384.5,446.995,355.9533333333333,616.0633333333334,470.24,
361,397.8228571428572,448.81,352.98333333333335,606.495,457.31,
362,411.8333333333333,447.16333333333336,353.46500000000003,599.95,451.89000000000004,
363,383.325,444.45599999999996,352.49,595.65,460.345,
364,386.24,440.0,356.2733333333333,593.9966666666667,449.27799999999996,
365,377.49,436.74666666666667,353.126,,463.07,
366,377.99,434.495,345.24666666666667,595.995,466.42,
367,369.49,,339.1666666666667,593.6433333333333,468.51500000000004,
368,370.3625,,338.7733333333333,589.99,461.035,
369,375.48,427.9225,337.1466666666667,584.2,447.53888888888883,
370,388.3233333333333,424.99,337.0,589.0,471.1766666666667,
371,389.97,413.99,337.322,564.0,459.98,
372,389.97,414.99,335.7357142857143,561.975,471.49,
373,384.28999999999996,,338.0,557.3166666666667,426.99,
374,384.2925,,335.61125,563.225,,
375,385.98,409.71000000000004,328.3333333333333,,,
376,387.49,405.66,327.0,,,
377,380.904,,330.66,,,
378,372.98333333333335,405.48,327.0,560.6666666666666,,
379,374.97,403.27666666666664,325.7425,561.9,,
380,371.778,403.99916666666655,326.56857142857143,,,
381,369.99,394.96250000000003,323.5,552.0,,
382,359.19,,323.5,550.61,,
383,361.89,394.43,,549.0550000000001,,
384,367.0,,,547.99,,
385,367.93,408.2991666666667,327.46000000000004,549.0,,
386,368.395,405.25076923076927,327.4866666666667,548.0,,
387,359.28,405.45250000000004,330.105,551.05,,
388,358.925,408.8888888888889,330.2375,582.26,,
389,368.05833333333334,406.7446153846153,330.745,565.755,,
390,362.53,407.306,335.9766666666667,558.99,,
391,363.655,405.07166666666666,335.32666666666665,,,
392,359.395,405.09777777777776,330.86,,,
393,349.68,,339.675,588.725,,
394,351.9642857142857,399.0,340.37142857142857,585.9383333333333,,
395,349.99285714285713,398.745,342.53749999999997,556.99,,
396,351.994,396.3333333333333,337.2366666666667,562.6583333333333,,
397,347.49,395.5,349.97,565.6633333333333,,
398,350.99333333333334,394.6666666666667,338.27000000000004,561.5,,
399,352.495,391.70000000000005,346.52111111111105,,,
400,354.53,391.735,343.74800000000005,582.5166666666667,,
401,352.395,393.99,347.96500000000003,585.4499999999999,,
402,352.495,394.0,340.6625,568.18,,
403,341.9925,393.9625,345.1975,593.7850000000001,,
404,347.715,392.0,345.975,554.0,,
405,347.4875,404.72,366.65333333333336,579.0,,
406,355.0,400.7286666666666,362.6433333333334,578.0,,
407,349.99,405.2128571428571,346.4775,583.63,,
408,352.33666666666664,407.20750000000004,344.475,558.99,,
409,335.704,419.55428571428575,345.94666666666666,558.95,,
410,314.27,421.16571428571433,345.47,571.99,,
411,341.99,411.2681818181818,346.7275,569.495,,
412,345.5285714285714,417.1014285714286,348.4750000000001,,,
413,353.75333333333333,417.1940000000001,348.4433333333333,579.825,,
414,355.2642857142857,424.99,367.582,572.3266666666667,,
415,358.76666666666665,428.98999999999995,364.62833333333333,581.33,,
416,332.17333333333335,416.0666666666666,343.83799999999997,,,
417,365.3233333333333,427.8471428571428,359.53200000000004,582.91,,
418,342.99,427.4916666666666,376.15600000000006,582.49,,
419,323.995,427.4185714285714,376.3155555555556,585.1,,
420,314.99,430.11199999999997,370.31600000000003,,,
421,324.49,423.538,368.5385714285714,577.95,,
422,314.495,421.558,365.71333333333337,,,
423,322.73249999999996,421.6833333333332,360.96000000000004,577.2833333333334,,
424,323.24,428.4460000000001,365.235,576.4499999999999,,
425,318.19,430.536875,360.262,583.788,,
426,310.0,446.32555555555547,358.57124999999996,581.995,,
427,308.796,433.45625,353.66,591.1583333333333,,
428,309.78499999999997,444.425,361.74,578.875,,
429,309.4925,451.98999999999984,354.5145454545455,583.9633333333334,,
430,309.0,461.65000000000003,351.134,575.95,,
431,302.192,459.27285714285716,344.7025,575.95,,
432,296.6566666666667,449.86125000000004,344.22857142857146,574.45,,
433,314.7425,438.58600000000007,351.8533333333333,,,
434,309.495,446.54666666666657,352.4875,573.2833333333334,,
435,315.28000000000003,448.2252941176469,350.995,573.45,,
436,338.248,447.0676923076922,,576.975,,
437,365.68125,454.63285714285706,,579.182,,
438,358.31666666666666,463.75666666666666,344.98,589.99,,
439,346.19,454.9108333333333,342.44666666666666,585.1500000000001,,
440,360.475,476.10615384615386,342.945,,,
441,370.98333333333335,460.54125,,,,
442,308.4575,468.2275,342.91499999999996,573.93,,
443,318.9625,435.5833333333333,338.79,,,
444,329.99,,337.50499999999994,571.96,,
445,311.745,459.98285714285714,336.47769230769234,569.0,,
446,287.94666666666666,457.4916666666666,335.59666666666664,563.6633333333333,,
447,336.32666666666665,459.84,335.97,565.0,,
448,324.36899999999997,458.3707142857142,338.9866666666667,,,
449,316.91125,462.0,338.18,564.085,,
450,322.7422222222222,465.9871428571428,333.4875,573.99,,
451,312.08875,455.99000000000007,332.99,565.0,,
452,328.3225,458.28599999999994,334.0,607.0,,
453,291.43,467.97,334.2,649.0,,
454,321.716,453.995,330.0,568.9766666666666,,
455,307.6036363636364,460.245,332.5,577.65,,
456,302.6314285714285,,326.95,558.495,,
457,305.695,471.99500000000006,335.0,556.5,,
458,305.389,484.78999999999996,334.6333333333334,555.0,,
459,299.4716666666667,473.74222222222227,334.0,,,
460,299.32500000000005,471.34875000000005,334.6,,,
461,305.43833333333333,488.994,334.5,556.6666666666666,,
462,305.16,466.99,366.0,559.24,,
463,302.644,,367.65000000000003,558.0,,
464,309.158,472.49,377.572,554.735,,
465,303.17538461538464,462.0,379.99,,,
466,304.69500000000005,467.0,,534.495,,
467,297.14,461.99799999999993,408.2033333333334,,,
468,304.8,464.8457142857143,398.16,,,
469,297.4128571428572,463.32666666666665,420.94999999999993,,,
470,296.84857142857146,465.796,413.87600000000003,,,
471,291.525,,371.48,538.6366666666667,,
472,285.505,464.44,,542.2542857142856,,
473,291.0075,459.0,,527.99,,
474,292.762,449.33,357.495,,,
475,296.48,448.355,,,,
476,296.48,,370.16333333333336,,,
477,291.15125,,366.17400000000004,519.8785714285715,,
478,288.2692857142857,439.0,370.26666666666665,512.2175,,
479,288.31333333333333,424.0,363.49,508.41428571428565,,
480,285.0,429.5,367.995,499.97,,
481,287.994,441.995,376.71000000000004,,,
482,287.394,449.0,373.2,498.495,,
483,285.26,,372.16818181818184,,,
484,282.39,,376.13,,,
485,285.0,,365.97400000000005,496.99,,
486,284.158,,340.0,498.0,,
487,284.16333333333336,,,502.56285714285707,,
488,282.25,450.0,358.0,504.3,,
489,282.886,,352.495,504.4750000000001,,
490,282.992,,352.8985714285715,504.0,,
491,280.992,440.0,351.8727272727273,507.95,,
492,276.66,,354.775,507.955,,
493,279.786,489.995,353.5,508.44,,
494,283.178,462.5,,511.28000000000003,,
495,284.25,467.5,357.66,511.19500000000005,,
496,274.6166666666667,466.16,359.475,519.94,,
497,279.63000000000005,464.495,363.31666666666666,515.9057142857143,,
498,268.05,516.0,361.495,516.328,,
499,258.9957142857143,486.54999999999995,357.5,515.8914285714287,,
500,257.81,468.385,359.95,505.99,,
501,259.1457142857143,455.0883333333333,362.99666666666667,505.31333333333333,,
502,259.0816666666667,454.495,357.778,513.2785714285714,,
503,257.9866666666667,456.995,352.9866666666667,514.49,,
504,253.66,,352.33,521.3166666666667,,
505,256.3233333333333,469.41875000000005,356.0,515.3266666666667,,
506,249.66,473.84166666666664,357.0,519.225,,
507,244.49,476.575,,507.6466666666667,,
508,235.0,461.76666666666665,,513.95,,
509,246.70000000000002,468.2514285714286,368.45,506.96000000000004,,
510,239.9275,470.0,362.2866666666667,508.584,,
511,240.667,,356.0,497.0,,
512,238.29500000000002,464.1425,359.96500000000003,518.74,,
513,237.44444444444446,464.4975,,517.3233333333334,,
514,236.37,474.0,,504.99666666666667,,
515,238.99,,356.0,518.996,,
516,237.7711111111111,465.0,359.86,518.9933333333333,,
517,237.69599999999997,467.99,358.0,518.2425000000001,,
518,236.36380952380955,468.6666666666667,359.86,516.28,,
519,235.37600000000003,463.0,359.49,503.60428571428565,,
520,232.6816666666667,461.4,359.0,517.9933333333333,,
521,232.34,461.3233333333333,357.975,511.9440000000001,,
522,232.22000000000003,461.99,355.975,493.56800000000004,,
523,234.85500000000002,,358.9066666666667,516.9799999999999,,
524,232.275,461.49,361.895,507.78600000000006,,
525,236.8727272727273,,358.5733333333333,511.6466666666667,,
526,234.19285714285712,468.1175,,505.985,,
527,232.34,463.57,357.93,521.4875,,
528,232.34,454.99666666666667,358.86,526.9060000000001,,
529,235.07874999999999,464.99,359.86,506.495,,
530,232.27200000000002,,,512.1466666666666,,
531,232.4375,,354.6933333333333,502.39,,
532,233.0,460.0,,507.1940000000001,,
533,232.61,453.5,,505.99,,
534,234.86,446.7033333333334,371.74800000000005,499.9975,,
535,233.0,446.47749999999996,361.93,498.995,,
536,232.5,442.0,354.86,489.596,,
537,225.0,,,,,
538,222.495,444.6666666666667,,,,
539,230.33333333333334,,,,,
540,239.98333333333335,444.0,,,,
541,286.7735714285714,444.16333333333336,,486.22,,
542,260.28000000000003,440.49,363.42,,,
543,281.74076923076916,439.39,365.78999999999996,,,
544,264.9714285714286,438.4633333333333,364.57399999999996,,,
545,268.32399999999996,438.695,382.0233333333333,,,
546,267.3525,435.03833333333336,383.4414285714286,,,
547,267.95000000000005,430.34000000000003,374.92999999999995,484.0,,
548,257.98333333333335,427.6214285714286,374.7425,483.99,,
549,267.485,,375.9422222222222,483.84285714285716,,
550,270.0,428.85,373.96333333333337,477.8,,
551,269.5775,429.42,356.1325,478.8542857142857,,
552,274.69625,,363.58799999999997,480.33,,
553,284.23,428.495,365.72,481.49285714285713,,
554,269.95,427.495,369.81,481.4,,
555,273.74,427.495,368.495,481.995,,
556,272.698,425.0,368.0,478.9925,,
557,287.495,429.49,361.29,,,
558,274.3483333333333,429.29,359.722,467.97,,
559,282.81,425.0,370.31,467.95,,
560,297.42545454545456,418.246,371.81399999999996,462.3,,
561,319.384,412.24,373.74375,459.6333333333334,,
562,288.29999999999995,411.995,354.86,459.55199999999996,,
563,308.37,411.485,,458.30333333333334,,
564,296.9877777777778,409.98499999999996,348.055,454.06,,
565,282.38111111111107,409.84999999999997,349.86,457.875,,
566,270.79428571428565,408.0,,455.81666666666666,,
567,286.995,,,458.0,,
568,290.592,409.0,363.1033333333333,458.072,,
569,290.96166666666664,408.49,359.9757142857143,451.782,,
570,286.6191666666667,408.29,363.96750000000003,441.31666666666666,,
571,273.039375,,362.375,429.95,,
572,274.46444444444444,408.0,359.1766666666667,427.49857142857144,,
573,273.07700000000006,406.995,353.615,,,
574,270.0,,355.16,,,
575,281.6333333333333,404.245,357.19,,,
576,274.09625000000005,404.0,345.59999999999997,,,
577,278.57714285714286,404.64000000000004,354.8883333333333,435.33,,
578,277.56714285714287,,362.965,432.64833333333337,,
579,280.7191304347826,405.66,362.62000000000006,426.4222222222222,,
580,287.976,,,,,
581,287.95000000000005,405.475,359.99,414.96999999999997,,
582,279.82666666666665,400.0,354.95500000000004,416.0533333333333,,
583,257.99333333333334,405.495,353.78777777777776,422.95,,
584,256.5825,405.0,354.224,430.634,,
585,260.4242857142857,404.5,352.802,422.3,,
586,264.12,404.4166666666667,353.9466666666667,429.784,,
587,262.445,401.49,354.192,430.98333333333335,,
588,270.094,398.13000000000005,350.9144444444444,434.0,,
589,277.9820000000001,398.875,342.27076923076925,434.5133333333333,,
590,279.6558333333333,398.975,334.35374999999993,432.06666666666666,,
591,277.77777777777777,,331.8575,440.55,,
592,282.90142857142854,398.95,330.41833333333335,434.2475,,
593,280.0525,394.5566666666667,328.0883333333333,436.985,,
594,267.6466666666667,393.3575,323.0,438.0,,
595,266.985,393.99,334.95166666666665,440.975,,
596,274.99,393.29,329.1845454545455,,,
597,273.695,389.795,332.2057142857143,429.6466666666667,,
598,267.95500000000004,,329.99,430.6191666666666,,
599,273.8463636363636,394.3175,345.33,426.65333333333336,,
600,269.42187500000006,396.85833333333335,,419.89300000000003,,
601,259.745,395.68285714285713,,418.6433333333334,,
602,258.85,399.8333333333333,,419.8675,,
603,259.9916666666667,398.5,352.85999999999996,427.2833333333333,,
604,259.475,408.18,353.265,,,
605,266.66333333333336,400.525,352.67,419.125,,
606,267.485,402.725,352.45428571428573,421.39799999999997,,
607,272.2085714285714,402.70714285714286,352.655,414.2125,,
608,272.3607692307692,402.26800000000003,353.735,,,
609,267.90999999999997,398.14,353.816,414.98,,
610,267.90999999999997,,352.03999999999996,424.0,,
611,265.0,390.47,349.6433333333334,413.76599999999996,,
612,262.89833333333337,395.2425,,407.7833333333333,,
613,262.495,392.584,,415.5733333333333,,
614,263.6666666666667,394.25,340.0,,,
615,264.97,403.80833333333334,338.995,409.99,,
616,264.525,408.8966666666667,339.5,415.83000000000004,,
617,263.0566666666667,407.725,,406.4525,,
618,262.5,407.3183333333333,344.5,404.9625,,
619,270.0,400.798,345.6133333333333,402.945,,
620,269.995,405.794,345.6133333333333,400.99,,
621,276.975,407.99,345.0,401.99,,
622,279.32666666666665,408.33,348.5,402.0,,
623,271.08875,,,,,
624,274.4975,411.2125,346.0,399.99,,
625,271.592,407.48166666666674,,398.16499999999996,,
626,273.2866666666667,407.0,345.0,394.98,,
627,276.96500000000003,398.84857142857146,342.995,398.97,,
628,276.09857142857146,404.1225,344.96000000000004,397.31666666666666,,
629,274.59125,402.196,344.2307692307692,397.88,,
630,277.22777777777776,404.83,345.4975,399.8875,,
631,273.51000000000005,404.33,344.99,398.36,,
632,267.495,399.168,339.0175,,,
633,274.49,412.495,346.245,,,
634,276.33,402.7175,342.831,,,
635,271.698,406.77599999999995,339.69,,,
636,274.0514285714286,401.962,339.995,,,
637,274.3333333333333,403.23,340.49,,,
638,272.3990909090909,401.95,339.985,395.38,,
639,274.615,395.65000000000003,339.475,395.43,,
640,264.6466666666667,401.2742857142857,,,,
641,276.4875,400.6271428571429,338.6333333333334,,,
642,274.166,398.7457142857143,334.99,387.86,,
643,275.485,393.5,,409.19,,
644,274.21500000000003,389.75,334.49,387.86,,
645,269.5,397.745,331.99,386.86,,
646,270.4975,400.45,334.235,386.24666666666667,,
647,271.495,398.9085714285715,,402.675,,
648,269.9016666666667,387.70000000000005,341.30333333333334,419.13,,
649,268.99,381.45,340.745,377.86,,
650,268.6566666666667,372.475,340.18600000000004,383.63,,
651,264.595,378.15999999999997,338.981,,,
652,263.25142857142856,373.225,332.975,,,
653,265.4511111111111,376.8325,333.7275,,,
654,264.79,373.80625,331.4725,,,
655,263.24,366.8,334.99,,,
656,263.49,367.65545454545446,335.0,,,
657,267.0,362.70799999999997,336.985,,,
658,265.995,358.3,334.90125,388.92,,
659,265.995,363.0,329.0,,,
660,262.05333333333334,357.4875,325.1666666666667,,,
661,261.1,360.05833333333334,318.99,,,
662,267.0,356.9916666666666,,390.315,,
663,266.46333333333337,351.6466666666667,,,,
664,259.985,355.0,318.47333333333336,,,
665,266.0,352.67600000000004,317.89,,,
666,270.99,351.0,316.21571428571434,376.425,,
667,264.99666666666667,345.0,315.845,,,
668,264.49,340.3,315.85,377.86,,
669,265.0,341.0725,314.56666666666666,,,
670,273.0,339.0,313.475,403.54200000000003,,
671,270.995,336.0,309.36,397.73999999999995,,
672,247.49,,,376.99,,
673,239.3066666666667,327.475,314.14076923076925,398.93,,
674,262.495,329.53888888888895,305.9866666666667,419.95,,
675,258.995,320.0,308.0,415.72249999999997,,
676,244.4975,,299.97,,,
677,247.99666666666667,321.97,297.99,,,
678,245.0,321.07500000000005,,,,
679,247.0,320.64,,,,
680,242.5,310.09000000000003,297.80333333333334,398.96,,
681,245.0,316.775,293.4985714285714,420.0,,
682,246.0,320.75,292.2,417.99,,
683,248.0,319.53000000000003,291.148,418.31666666666666,,
684,248.5,322.0,293.18600000000004,413.0,,
685,248.99,312.30285714285714,296.6641666666667,,,
686,248.835,313.7966666666667,291.75,,,
687,248.245,308.7575,290.76142857142855,414.9975,,
688,248.495,303.475,285.925,418.9975,,
689,246.99666666666667,305.275,279.94818181818187,,,
690,248.32666666666668,301.198,259.40999999999997,413.196,,
691,247.0,299.9533333333333,277.472,415.495,,
692,245.88,302.2866666666667,277.68875,407.2333333333333,,
693,247.058,305.93,290.52866666666665,415.2025,,
694,252.4,305.75,286.2683333333334,414.6566666666667,,
695,241.08,300.8442857142858,284.01692307692304,398.96,,
696,239.5,299.719,284.26625,382.86,,
697,248.83,301.545,284.41499999999996,,,
698,251.02,299.8666666666667,280.6566666666667,,,
699,250.805,,283.96500000000003,394.345,,
700,247.08,293.745,282.79,395.43,,
701,245.49333333333334,295.5,280.81875,,,
702,249.73000000000002,294.1666666666667,278.41999999999996,401.3533333333333,,
703,249.0,294.5,274.99,,,
704,253.98000000000002,299.43454545454546,,,,
705,256.5,295.0,277.71000000000004,404.36999999999995,,
706,251.224,298.0,277.27250000000004,399.61400000000003,,
707,252.24625,294.5,276.46000000000004,391.1000000000001,,
708,249.64000000000001,294.72727272727275,272.665,377.86,,
709,247.33333333333334,289.75,273.52,,,
710,246.596,291.165,273.8425,402.80999999999995,,
711,252.7475,291.8154545454545,273.1775,,,
712,257.64500000000004,296.44363636363636,274.4755555555555,387.06,,
713,246.49,298.495,273.492,377.86,,
714,248.28142857142856,298.4225,274.3,,,
715,242.79666666666665,302.1477777777778,273.9485714285714,372.86,,
716,240.39249999999998,302.275,274.99,,,
717,250.675,298.2128571428571,276.95,383.90999999999997,,
718,238.36,304.0,274.95,,,
719,250.66333333333336,305.7,275.66400000000004,,,
720,238.97,298.59000000000003,271.91499999999996,398.0,,
721,236.592,297.0,266.77750000000003,372.86,,
722,232.495,301.8625,268.005,392.93666666666667,,
723,230.17600000000002,298.05625,267.6575,391.534,,
724,233.64666666666665,294.75,264.16999999999996,,,
725,243.82500000000002,299.625,267.56199999999995,408.2966666666667,,
726,236.78000000000003,304.99,267.8,397.995,,
727,242.596,374.98,264.39,406.99,,
728,241.916,356.3545454545455,264.62,394.96400000000006,,
729,243.7688888888889,354.04499999999996,262.84000000000003,407.6466666666667,,
730,245.4975,355.37600000000003,262.43,408.47,,
731,246.49,344.15,,,,
732,241.66666666666666,341.5285714285714,261.90500000000003,,,
733,244.745,340.95,261.95,407.995,,
734,245.99333333333334,340.46000000000004,261.1,406.99333333333334,,
735,247.796,337.95,257.945,407.6133333333334,,
736,248.59000000000003,333.76000000000005,,406.986,,
737,243.348,336.565,,401.495,,
738,244.0,332.7125,,396.2425,,
739,243.68,324.975,,401.66,,
740,245.844,,257.84000000000003,393.3333333333333,,
741,248.38125000000002,,256.98833333333334,387.465,,
742,245.0,326.6928571428571,,386.4575,,
743,245.456,328.0,250.855,388.37800000000004,,
744,243.95,327.95,250.93400000000003,388.9633333333333,,
745,243.975,312.0,251.385,387.99333333333334,,
746,244.7475,,257.04,377.86,,
747,243.5,,252.86,385.5833333333333,,
748,244.504,,251.895,395.62499999999994,,
749,245.488,331.45,249.95,387.855,,
750,246.86,322.94,249.89,,,
751,248.98000000000002,324.35800000000006,,,,
752,248.98000000000002,,247.73999999999995,,,
753,267.96,323.4866666666667,248.425,405.805,,
754,248.97333333333336,324.49,251.93,387.15999999999997,,
755,243.27,,249.9466666666667,380.24,,
756,246.4,331.475,250.885,,,
757,242.35999999999999,337.40333333333336,251.43,,,
758,245.56199999999998,332.6333333333333,,377.43,,
759,253.64285714285714,342.43555555555554,249.27,376.0,,
760,253.98666666666665,338.92833333333334,250.405,,,
761,247.13111111111115,327.735,249.055,376.8825,,
762,248.21333333333334,324.95,247.76,377.86,,
763,246.49285714285716,,246.76250000000002,,,
764,257.87333333333333,329.99,243.86,378.93,,
765,252.32000000000002,338.01714285714286,,375.55,,
766,254.144,343.42125,,378.93,,
767,252.166,337.598,246.60500000000002,,,
768,248.58800000000002,331.475,,376.86,,
769,245.84,326.63,,383.375,,
770,242.98666666666668,324.78999999999996,,377.86,,
771,233.99333333333334,325.58,238.86,380.025,,
772,236.99666666666667,324.475,238.86,,,
773,239.4875,320.27000000000004,248.17,377.86,,
774,237.0,321.771,242.55333333333337,379.485,,
775,236.0,,234.28333333333333,403.57333333333327,,
776,235.495,317.22,232.0225,376.86,,
777,234.475,314.99,233.41666666666666,376.76,,
778,231.63,313.3566666666666,237.90600000000003,379.83500000000004,,
779,231.475,311.6075,,388.36,,
780,232.74,310.97,226.43,368.86,,
781,236.11,,252.475,369.86,,
782,235.942,,244.96666666666667,,,
783,237.18888888888887,,229.0,396.17,,
784,238.30599999999998,,,365.1933333333333,,
785,235.61,316.63000000000005,,,,
786,233.97,322.21,228.93,,,
787,231.65,321.478,,,,
788,228.4716666666667,324.72,,,,
789,224.435,,,,,
790,223.57,323.81333333333333,,,,
791,223.75,330.2316666666667,236.56,,,
792,223.24,328.4075,,369.865,,
793,221.156,338.1271428571428,242.38333333333333,,,
794,222.005,329.40000000000003,,360.92,,
795,222.792,326.98333333333335,233.01,,,
796,223.225,331.0,235.0,,,
797,222.73333333333335,329.975,239.54999999999998,387.725,,
798,220.77999999999997,328.29333333333335,245.20333333333335,,,
799,223.2,331.28499999999997,244.48250000000002,390.2366666666667,,
800,223.29,325.3875,249.995,386.89750000000004,,
801,221.91666666666666,329.12,243.79,379.7125,,
802,220.99,320.2975,249.47000000000003,374.26,,
803,217.89600000000002,321.41333333333336,256.374,356.86,,
804,213.535,321.97,254.7425,391.7483333333334,,
805,211.07999999999998,324.64833333333337,264.8666666666666,356.86,,
806,209.55599999999998,325.9666666666667,260.494,,,
807,209.35750000000002,332.97,263.75166666666667,355.93,,
808,207.70666666666668,349.95,250.78333333333333,358.4066666666667,,
809,201.65333333333334,335.0,252.65333333333334,370.905,,
810,203.31857142857143,338.42,261.97,355.95,,
811,198.93000000000004,356.586,262.70250000000004,,,
812,196.65,357.75,263.78833333333336,,,
813,193.8542857142857,359.0,259.99,,,
814,189.5677777777778,425.98333333333335,263.72200000000004,355.93,,
815,187.66333333333333,394.735,268.334,,,
816,182.0,387.588,269.495,,,
817,181.99,372.3,,,,
818,181.97,359.0,267.2425,,,
819,185.9975,343.2966666666667,267.8228571428571,,,
820,185.4828571428571,344.66333333333336,265.65833333333336,,,
821,187.43571428571428,349.66333333333336,267.90333333333336,355.9533333333334,,
822,182.125,372.98,257.20666666666665,356.86,,
823,181.85142857142858,350.295,,,,
824,181.99,359.594,275.338,,,
825,180.92000000000002,357.1257142857143,264.85,356.43,,
826,178.9975,358.5,258.99857142857144,360.9,,
827,179.31099999999998,366.0,252.11800000000002,356.76,,
828,183.31400000000002,352.495,,348.204,,
829,179.9185714285714,347.9875,251.09666666666666,356.3,,
830,179.985,339.91499999999996,260.44500000000005,343.86,,
831,181.0,337.515,264.7033333333334,,,
832,183.77666666666667,343.98333333333335,262.61,,,
833,179.892,338.99333333333334,264.80875,,,
834,178.8709090909091,333.225,264.49333333333334,337.9533333333333,,
835,181.58571428571432,329.94,258.71000000000004,346.455,,
836,180.54857142857142,332.225,246.93,,,
837,180.1285714285714,329.95,261.33,,,
838,179.0,332.9633333333333,256.955,341.925,,
839,179.98333333333335,331.11899999999997,265.92333333333335,,,
840,179.74333333333334,327.99,265.225,344.49,,
841,178.16333333333333,329.0,262.94,,,
842,178.198,323.33,262.31333333333333,,,
843,178.35399999999998,321.44666666666666,264.95,,,
844,178.75,323.3833333333334,263.975,,,
845,177.16666666666666,,251.5966666666667,,,
846,176.95,,238.485,,,
847,177.496,,230.49,,,
848,173.5,,241.908,,,
849,174.42666666666665,323.975,244.734,,,
850,172.996,,251.73000000000002,,,
851,175.3525,321.99,262.94,,,
852,175.88714285714286,321.9666666666667,252.25500000000002,,,
853,176.51384615384615,321.6666666666667,262.0314285714286,,,
854,175.77428571428572,325.65000000000003,260.09749999999997,,,
855,174.0566666666667,329.99,260.66,,,
856,174.68555555555557,329.4533333333333,261.1033333333333,,,
857,176.25333333333333,344.57624999999996,261.62,,,
858,175.97714285714287,350.7175,255.96666666666667,,,
859,174.89,349.86400000000003,254.59,,,
860,175.2125,347.0,253.4766666666667,,,
861,175.4766666666667,362.84000000000003,258.6025,,,
862,175.1,352.0233333333333,255.30333333333337,,,
863,179.158,360.995,259.0,,,
864,178.69545454545457,345.24333333333334,258.32666666666665,,,
865,180.94833333333335,334.8725,241.61666666666667,,,
866,180.064,329.99,250.87,,,
867,181.02333333333334,329.495,250.56,,,
868,182.7966666666667,343.90500000000003,,,,
869,180.94,331.3,249.95999999999998,,,
870,183.45,332.975,256.42600000000004,,,
871,181.92,336.96500000000003,256.2742857142857,,,
872,180.56777777777776,337.31857142857143,256.02799999999996,,,
873,174.7118181818182,336.0,251.32333333333335,,,
874,176.02666666666667,335.495,250.17,,,
875,175.3922222222222,338.95,248.17200000000003,,,
876,175.25666666666666,336.3233333333333,,,,
877,171.20857142857145,336.0,,,,
878,171.245,334.98,248.65333333333334,,,
879,171.19400000000002,332.97,245.88,,,
880,173.82666666666668,335.95,241.52200000000002,,,
881,173.65666666666667,334.99,239.54153846153847,,,
882,176.95,333.65000000000003,242.85999999999999,,,
883,176.0,330.9,244.798,,,
884,175.80166666666665,,245.0,,,
885,176.158,,242.98000000000002,,,
886,176.475,332.0,241.97200000000004,,,
887,177.31,,241.965,,,
888,177.3325,333.63000000000005,245.392,,,
889,178.6925,,245.1,,,
890,187.3685714285714,332.6666666666667,241.65666666666667,,,
891,188.9057142857143,334.0,238.98,,,
892,184.62833333333333,332.5,239.23000000000002,,,
893,181.42875,332.6466666666667,239.22,,,
894,175.58857142857144,333.7375,236.3625,,,
895,171.0,332.6166666666666,,,,
896,179.198,,,,,
897,180.33,332.0,241.696,,,
898,182.5,,240.125,,,
899,179.80181818181816,337.6466666666667,,,,
900,180.46,335.168,241.66333333333333,,,
901,182.625,,237.5,,,
902,182.47166666666666,336.38,235.34625,,,
903,177.43166666666664,,230.3577777777778,,,
904,175.0,,233.79777777777775,,,
905,174.8857142857143,334.6333333333334,233.80999999999997,,,
906,179.97500000000002,,234.36124999999998,,,
907,182.245,335.2,231.45111111111112,,,
908,183.388,339.99,227.48200000000003,,,
909,184.905,332.03,228.32800000000003,,,
910,185.33333333333334,,244.29500000000002,,,
911,191.54874999999998,,247.0,,,
912,193.10555555555555,,246.4975,,,
913,188.91166666666666,,246.99,,,
914,199.0,,247.995,,,
915,196.0,340.60999999999996,248.99666666666667,,,
916,192.53666666666666,,238.64714285714285,,,
917,194.87900000000002,,232.96899999999997,,,
918,192.418,334.96666666666664,225.57999999999998,,,
919,190.975,,240.51749999999998,,,
920,197.584,338.9566666666667,238.16666666666663,,,
921,199.768,340.92,235.98625,,,
922,199.0,337.05799999999994,246.452,,,
923,240.04000000000002,333.549,247.51142857142858,,,
924,193.4625,338.18,246.85125,,,
925,197.46625,333.96000000000004,244.51799999999997,,,
926,193.46999999999997,333.28,244.93,,,
927,194.55,336.1975,244.98,,,
928,195.17500000000004,,244.99,,,
929,193.96,328.625,248.45,,,
930,194.4575,329.18833333333333,241.57399999999998,,,
931,194.65571428571428,333.845,241.04333333333332,,,
932,190.5,330.47,224.0,,,
933,192.83333333333334,330.47,238.65142857142857,,,
934,193.98000000000002,,246.20999999999998,,,
935,192.495,327.0,244.31333333333336,,,
936,195.61833333333334,,242.33,,,
937,192.65692307692308,330.98333333333335,238.738,,,
938,192.18625,331.75,231.98714285714283,,,
939,194.97833333333332,331.975,240.16666666666666,,,
940,195.475,331.71250000000003,238.708,,,
941,195.6933333333333,327.384,,,,
942,204.735,332.95,238.625,,,
943,201.21222222222224,,241.96,,,
944,192.93399999999997,327.38,235.92000000000002,,,
945,189.22333333333336,331.905,236.3033333333333,,,
946,191.022,327.50428571428574,234.95,,,
947,189.0,327.4525,234.62333333333333,,,
948,189.5325,331.02250000000004,234.46499999999997,,,
949,196.76,330.45000000000005,234.6875,,,
950,191.5375,331.75,236.465,,,
951,190.568,333.0,229.92000000000002,,,
952,192.54666666666665,331.5775,229.21571428571428,,,
953,191.44,329.19000000000005,229.53375,,,
954,191.92142857142858,326.36,228.06166666666664,,,
955,192.5,325.93666666666667,227.2933333333333,,,
956,191.988,326.96333333333337,227.04500000000002,,,
957,190.705,,226.973,,,
958,187.5,327.95,224.00333333333333,,,
959,191.485,325.475,227.20749999999998,,,
960,190.07666666666668,327.0,228.09833333333336,,,
961,190.272,326.18,227.97333333333336,,,
962,188.04000000000002,324.825,228.744,,,
963,190.0,323.08222222222224,238.99,,,
964,189.16750000000002,324.0,,,,
965,189.475,323.82666666666665,,,,
966,186.95749999999998,324.27,,,,
967,186.95,323.31666666666666,,,,
968,187.0,322.18600000000004,,,,
969,188.975,323.95,,,,
970,187.61666666666667,,,,,
971,186.70666666666668,323.93,,,,
972,184.425,324.23333333333335,,,,
973,185.92000000000002,323.95,,,,
974,189.0,320.03428571428566,,,,
975,186.07500000000002,317.95,,,,
976,186.93200000000002,,,,,
977,184.24,,,,,
978,188.38400000000001,,,,,
979,188.995,315.0,,,,
980,189.37,316.975,,,,
981,190.38600000000002,316.475,,,,
982,190.81222222222223,,,,,
983,189.5,316.475,,,,
984,189.398,,,,,
985,190.985,,,,,
986,187.16,,,,,
987,187.0,316.0,,,,
988,186.94,,,,,
989,186.845,313.32666666666665,,,,
990,186.995,311.90000000000003,,,,
991,186.995,311.70833333333337,,,,
992,186.745,311.69555555555553,,,,
993,184.5,311.01625,,,,
994,186.32333333333335,306.32666666666665,,,,
995,187.0,304.0,,,,
996,194.14833333333334,,,,,
997,190.99857142857144,303.435,,,,
998,192.4775,302.87,,,,
999,187.0,302.94,,,,
1000,189.99,301.845,,,,
1001,197.388,301.85,,,,
1002,195.1866666666667,301.9325,,,,
1003,191.98,301.95,,,,
1004,182.695,299.93,,,,
1005,199.9766666666667,296.61999999999995,,,,
1006,199.495,301.31666666666666,,,,
1007,194.99,300.1875,,,,
1008,198.19714285714286,292.97333333333336,,,,
1009,203.48000000000002,298.30833333333334,,,,
1010,199.99,294.994,,,,
1011,207.96333333333334,295.0,,,,
1012,219.77,,,,,
1013,199.99,291.995,,,,
1014,198.945,289.66,,,,
1015,204.495,287.32666666666665,,,,
1016,218.0,285.495,,,,
1017,217.882,285.31333333333333,,,,
1018,216.245,,,,,
1019,215.235,284.75,,,,
1020,210.99,284.5,,,,
1021,219.86,281.11,,,,
1022,213.086,275.6666666666667,,,,
1023,214.99,277.3333333333333,,,,
1024,218.485,276.98,,,,
1025,215.99,278.5388888888889,,,,
1026,219.15333333333334,278.8414285714286,,,,
1027,210.38199999999998,274.7114285714286,,,,
1028,210.0,265.43199999999996,,,,
1029,208.0,253.93400000000003,,,,
1030,193.97,251.908,,,,
1031,201.16200000000003,,,,,
1032,196.65166666666667,,,,,
1033,200.18800000000002,,,,,
1034,196.38400000000001,,,,,
1035,198.95,247.66666666666666,,,,
1036,192.72333333333333,247.30384615384614,,,,
1037,195.995,246.5,,,,
1038,187.78500000000003,248.0,,,,
1039,192.62625000000003,246.7244444444445,,,,
1040,190.95000000000002,248.14285714285714,,,,
1041,187.98000000000002,264.0,,,,
1042,189.63600000000002,254.78199999999998,,,,
1043,192.06000000000003,,,,,
1044,192.66333333333333,252.66666666666666,,,,
1045,193.8,250.78199999999998,,,,
1046,191.91833333333332,248.9888888888889,,,,
1047,188.0,245.69857142857146,,,,
1048,187.996,245.57090909090905,,,,
1049,183.85272727272726,245.95,,,,
1050,190.92166666666665,246.4216666666667,,,,
1051,192.1533333333333,245.98333333333335,,,,
1052,196.245,246.516,,,,
1053,193.69375,246.055,,,,
1054,195.512,248.72500000000002,,,,
1055,195.37285714285713,244.3166666666667,,,,
1056,194.9466666666667,244.95,,,,
1057,193.74421052631578,245.61666666666665,,,,
1058,197.46300000000002,244.762,,,,
1059,195.498,247.0442857142857,,,,
1060,197.204,243.75000000000006,,,,
1061,196.10666666666665,240.5,,,,
1062,195.23,244.0,,,,
1063,197.93,241.0,,,,
1064,193.38222222222223,,,,,
1065,194.14666666666668,245.76333333333332,,,,
1066,192.64,,,,,
1067,188.99,243.395,,,,
1068,191.59857142857143,244.06000000000003,,,,
1069,190.0318181818182,243.86,,,,
1070,193.82083333333335,241.95333333333335,,,,
1071,191.49,,,,,
1072,189.0625,235.67499999999998,,,,
1073,191.41666666666666,,,,,
1074,191.0666666666667,235.86,,,,
1075,193.98333333333335,235.93,,,,
1076,193.0,237.905,,,,
1077,192.995,233.4275,,,,
1078,190.99666666666667,,,,,
1079,189.47,231.425,,,,
1080,188.33,,,,,
1081,189.69857142857146,,,,,
1082,189.0,,,,,
1083,188.98666666666668,,,,,
1084,189.905,,,,,
1085,189.818,,,,,
1086,192.51100000000002,,,,,
1087,192.5964705882353,,,,,
1088,193.79714285714292,233.13,,,,
1089,197.235,230.06000000000003,,,,
1090,197.36083333333332,226.28500000000003,,,,
1091,196.51999999999998,,,,,
1092,198.06411764705877,226.425,,,,
1093,191.37849999999997,,,,,
1094,185.06,217.86,,,,
1095,189.20142857142858,,,,,
1096,193.51727272727277,222.99,,,,
1097,202.98,,,,,
1098,205.82411764705884,214.99,,,,
1099,207.98,221.085,,,,
1100,198.4227272727273,,,,,
1101,199.7425,225.3075,,,,
1102,192.465,,,,,
1103,205.48333333333335,,,,,
1104,213.795,,,,,
1105,219.48444444444445,225.425,,,,
1106,224.50857142857146,,,,,
1107,228.431875,,,,,
1108,226.86599999999999,,,,,
1109,219.99,219.92200000000003,,,,
1110,222.73250000000002,,,,,
1111,209.47,224.55,,,,
1112,204.02,212.86,,,,
1113,198.921,,,,,
1114,215.40600000000003,,,,,
1115,205.475,,,,,
1116,202.3033333333333,,,,,
1117,220.0257142857143,,,,,
1118,191.53,216.065,,,,
1119,203.535,229.0,,,,
1120,201.64812500000005,229.99,,,,
1121,195.96666666666667,218.57000000000002,,,,
1122,197.975,,,,,
1123,199.48,220.93,,,,
1124,197.975,,,,,
1125,193.82666666666668,,,,,
1126,187.7425,,,,,
1127,189.78333333333333,,,,,
1128,191.2225,,,,,
1129,184.31,216.75,,,,
1130,185.0,220.855,,,,
1131,182.495,222.52,,,,
1132,193.04333333333332,,,,,
1133,194.41333333333333,226.44,,,,
1134,187.55,,,,,
1135,189.6833333333333,,,,,
1136,181.66,,,,,
1137,188.39666666666668,225.0,,,,
1138,185.53750000000002,234.725,,,,
1139,184.35,234.29999999999998,,,,
1140,190.98333333333335,236.69,,,,
1141,181.995,233.41250000000002,,,,
1142,188.3625,,,,,
1143,179.995,,,,,
1144,179.995,231.95,,,,
1145,184.0,233.2833333333333,,,,
1146,185.93,236.97000000000003,,,,
1147,179.995,245.07999999999998,,,,
1148,180.994,240.62666666666667,,,,
1149,184.735,240.2833333333333,,,,
1150,182.98200000000003,,,,,
1151,182.35,236.99,,,,
1152,179.46000000000004,237.51272727272726,,,,
1153,181.61833333333337,237.57000000000002,,,,
1154,181.865,242.975,,,,
1155,183.47,241.495,,,,
1156,183.24833333333333,241.495,,,,
1157,181.536,,,,,
1158,178.98,239.995,,,,
1159,176.32333333333335,245.0,,,,
1160,178.01,252.495,,,,
1161,176.0,251.76,,,,
1162,174.996,249.985,,,,
1163,173.998,248.56285714285715,,,,
1164,173.225,246.495,,,,
1165,171.674,245.7,,,,
1166,173.0,240.9975,,,,
1167,171.98000000000002,233.894,,,,
1168,172.5,237.59,,,,
1169,170.0,236.59,,,,
1170,169.995,236.25666666666666,,,,
1171,172.7942857142857,232.30200000000005,,,,
1172,176.97,232.94,,,,
1173,173.49,,,,,
1174,173.5,232.95,,,,
1175,173.66666666666666,232.90666666666667,,,,
1176,172.985,,,,,
1177,173.9766666666667,232.79500000000002,,,,
1178,172.14600000000002,232.9125,,,,
1179,169.62666666666667,231.25,,,,
1180,168.59666666666666,232.95,,,,
1181,168.5,231.42000000000002,,,,
1182,168.50285714285715,,,,,
1183,166.66333333333333,231.42000000000002,,,,
1184,166.786,229.71750000000003,,,,
1185,167.0,229.9,,,,
1186,167.5,228.95999999999998,,,,
1187,166.66333333333333,229.92666666666665,,,,
1188,164.998,232.29999999999998,,,,
1189,164.5,231.57000000000002,,,,
1190,163.5,233.455,,,,
1191,168.995,228.72250000000003,,,,
1192,171.7375,232.37800000000001,,,,
1193,171.99666666666667,233.475,,,,
1194,170.975,232.12499999999997,,,,
1195,167.72,232.95,,,,
1196,167.495,231.6575,,,,
1197,166.99333333333334,233.30499999999998,,,,
1198,169.14444444444445,236.14000000000001,,,,
1199,168.46777777777777,235.99,,,,
1200,165.98666666666668,230.8083333333333,,,,
1201,165.6257142857143,228.94400000000002,,,,
1202,163.1381818181818,232.3225,,,,
1203,160.99,232.744,,,,
1204,159.66333333333333,232.844,,,,
1205,159.0,233.44500000000002,,,,
1206,154.94,225.755,,,,
1207,153.4675,,,,,
1208,160.33,217.86,,,,
1209,158.7175,,,,,
1210,160.715,221.195,,,,
1211,160.5,217.85,,,,
1212,157.225,221.53500000000003,,,,
1213,154.96,,,,,
1214,153.38,,,,,
1215,156.26999999999998,,,,,
1216,152.76999999999998,226.11,,,,
1217,158.0,217.81,,,,
1218,155.33,228.00571428571428,,,,
1219,152.9925,224.058,,,,
1220,155.574,227.96000000000004,,,,
1221,156.62666666666667,223.06,,,,
1222,157.46,,,,,
1223,158.24,227.99428571428572,,,,
1224,152.99,228.96666666666667,,,,
1225,154.905,233.61666666666665,,,,
1226,152.65666666666667,233.98333333333335,,,,
1227,155.99,237.09,,,,
1228,150.096,241.58800000000002,,,,
1229,148.4,236.07333333333332,,,,
1230,153.46,233.76899999999995,,,,
1231,152.29999999999998,231.6475,,,,
1232,154.96833333333333,237.95,,,,
1233,156.20499999999998,244.49,,,,
1234,153.0,243.60125,,,,
1235,156.495,219.29,,,,
1236,157.0,229.71733333333333,,,,
1237,155.45,230.47857142857143,,,,
1238,149.27,220.804375,,,,
1239,148.73250000000002,214.0,,,,
1240,149.62,214.005,,,,
1241,148.95999999999998,214.00666666666666,,,,
1242,148.95,,,,,
1243,153.975,,,,,
1244,153.975,,,,,
1245,150.97333333333333,,,,,
1246,152.47,,,,,
1247,144.99,236.64666666666668,,,,
1248,148.995,239.99666666666667,,,,
1249,153.0,236.8725,,,,
1250,146.97750000000002,239.71249999999998,,,,
1251,151.99166666666667,236.83285714285714,,,,
1252,150.5,240.71,,,,
1253,149.99,214.01,,,,
1254,151.0,237.49,,,,
1255,151.7475,,,,,
1256,150.2,,,,,
1257,146.75545454545457,,,,,
1258,146.71,,,,,
1259,146.7611111111111,225.50857142857143,,,,
1260,146.79,226.2885714285714,,,,
1261,147.56833333333336,222.0511111111111,,,,
1262,149.83857142857144,,,,,
1263,148.245,,,,,
1264,148.0,,,,,
1265,149.0,,,,,
1266,149.292,,,,,
1267,150.09,,,,,
1268,149.0,226.7,,,,
1269,148.4925,228.41249999999997,,,,
1270,147.33333333333334,229.51,,,,
1271,153.0,218.86,,,,
1272,149.495,217.95,,,,
1273,149.57199999999997,218.86,,,,
1274,149.30166666666668,220.85500000000002,,,,
1275,148.45142857142855,219.94,,,,
1276,147.7025,,,,,
1277,148.2425,,,,,
1278,149.99666666666667,212.34666666666666,,,,
1279,150.995,213.4466666666667,,,,
1280,148.32666666666668,207.43,,,,
1281,147.19,,,,,
1282,148.465,,,,,
1283,150.59625000000003,,,,,
1284,148.18800000000002,211.29500000000002,,,,
1285,149.17000000000002,,,,,
1286,149.2266666666667,215.425,,,,
1287,148.835,,,,,
1288,148.63666666666668,,,,,
1289,150.0,216.70666666666668,,,,
1290,152.475,,,,,
1291,148.28,,,,,
1292,148.17000000000002,,,,,
1293,152.61555555555555,,,,,
1294,155.165,,,,,
1295,151.0875,,,,,
1296,153.805,,,,,
1297,149.498,,,,,
1298,150.635,,,,,
1299,152.73142857142858,,,,,
1300,152.31666666666666,,,,,
1301,150.0,,,,,
1302,149.848,,,,,
1303,148.995,,,,,
1304,146.0,,,,,
1305,148.69333333333336,,,,,
1306,147.8216666666667,,,,,
1307,149.33,,,,,
1308,148.54,,,,,
1309,149.72,,,,,
1310,150.918,,,,,
1311,149.80166666666668,,,,,
1312,149.4525,,,,,
1313,148.32750000000001,,,,,
1314,145.9975,,,,,
1315,145.98399999999998,,,,,
1316,146.775,,,,,
1317,146.91,,,,,
1318,147.33333333333334,,,,,
1319,149.1357142857143,,,,,
1320,149.47,,,,,
1321,149.35,,,,,
1322,148.2375,,,,,
1323,150.47,,,,,
1324,149.698,,,,,
1325,144.2425,,,,,
1326,146.2475,,,,,
1327,137.985,,,,,
1328,134.99,,,,,
1329,139.99,,,,,
1330,136.99,,,,,
1331,148.0,,,,,
1332,145.65833333333333,,,,,
1333,147.55714285714288,,,,,
1334,142.0,,,,,
1335,147.0,,,,,
1336,145.0,,,,,
1337,149.245,,,,,
1338,149.296,,,,,
1339,150.65333333333334,,,,,
1340,148.48285714285717,,,,,
1341,148.63,,,,,
1342,150.8775,,,,,
1343,151.9188888888889,,,,,
1344,133.76000000000002,,,,,
1345,150.358,,,,,
1346,140.29666666666665,,,,,
1347,126.89,,,,,
1348,146.05,,,,,
1349,145.83666666666667,,,,,
1350,143.1425,,,,,
1351,144.0,,,,,
1352,134.64000000000001,,,,,
1353,123.18857142857144,,,,,
1354,127.10333333333335,,,,,
1355,130.485,,,,,
1356,140.97,,,,,
1357,134.555,,,,,
1358,136.99,,,,,
1359,143.0,,,,,
1360,138.49,,,,,
1361,139.365,,,,,
1362,141.93,,,,,
1363,140.21199999999996,,,,,
1364,139.7657142857143,,,,,
1365,146.66222222222223,,,,,
1366,146.77615384615385,,,,,
1367,147.30999999999997,,,,,
1368,147.34599999999998,,,,,
1369,147.2475,,,,,
1370,148.8975,,,,,
1371,147.83625,,,,,
1372,145.34142857142857,,,,,
1373,144.68166666666667,,,,,
1374,138.475,,,,,
1375,137.3316666666667,,,,,
1376,135.347,,,,,
1377,134.05285714285714,,,,,
1378,141.99833333333333,,,,,
1379,140.23000000000002,,,,,
1380,140.495,,,,,
1381,142.84714285714287,,,,,
1382,141.33333333333334,,,,,
1383,141.95,,,,,
1384,141.47375,,,,,
1385,141.6,,,,,
1386,142.1,,,,,
1387,141.35,,,,,
1388,141.875,,,,,
1389,148.97,,,,,
1390,145.78000000000003,,,,,
1391,144.67857142857142,,,,,
1392,144.5625,,,,,
1393,143.8,,,,,
1394,143.86666666666667,,,,,
1395,144.625,,,,,
1396,143.5666666666667,,,,,
1397,142.9,,,,,
1398,140.214,,,,,
1399,140.4925,,,,,
1400,131.475,,,,,
1401,142.985,,,,,
1402,142.95,,,,,
1403,138.5,,,,,
